RIC,A.BK
RIC,Aol.BK
RIC,Ava.BK
RIC,AA.V
RIC,AA.GO
RIC,AA.ALP
RIC,AAAU.K
RIC,AAAU.A
RIC,AAAU.C
RIC,AABA.OQ
RIC,AABA.P
RIC,AABA.MW
RIC,AAC.AX
RIC,AACstat.AX
RIC,AAC.CHA
RIC,AADR.P
RIC,AADR.C
RIC,AADR.MW
RIC,AAL.L
RIC,AALGBP.xbo
RIC,AALCHF.xbo
RIC,AAMC.K
RIC,AAMC.C
RIC,AAMC.DY
RIC,AAME.OQ
RIC,AAME.P
RIC,AAME.C
RIC,AAN.MW
RIC,AAN.TH
RIC,AAN.P
RIC,AAOI.O
RIC,AAOI.B
RIC,AAOI.OQ
RIC,AAON.OQ
RIC,AAON.P
RIC,AAON.C
RIC,AAP.AX
RIC,AAPstat.AX
RIC,AAP.CHA
RIC,AAPL.OQ
RIC,AAPL.P
RIC,AAPL.MW
RIC,AAT.V
RIC,AAT.GO
RIC,AAT.ALP
RIC,8515.SG
RIC,8515.F
RIC,8515.DEU
RIC,AAWW.O
RIC,AAWW.DF
RIC,AAWW.OQ
RIC,AAXJ.O
RIC,AAXJ.OQ
RIC,AAXJ.DF
RIC,AAXN.OQ
RIC,AAXN.P
RIC,AAXN.MW
RIC,AB.C
RIC,AB.MW
RIC,AB.TH
RIC,ABB.ST
RIC,ABB.STf
RIC,ABB.MW
RIC,ABBV.B
RIC,ABBV.DY
RIC,ABBV.DF
RIC,ABCB.BH
RIC,ABC.C
RIC,ABC.MW
RIC,ABCB.OQ
RIC,ABCB.P
RIC,ABCB.C
RIC,A1JFG4X.BE
RIC,A1JFG4X.MU
RIC,A1JFG4X.D
RIC,ABEO.O
RIC,ABEO.B
RIC,ABEO.P
RIC,ABEV.ZY
RIC,ABEV.MW
RIC,ABEV.DF
RIC,ABGJ.J
RIC,ABEC.BE
RIC,ABEC.F
RIC,ABIL.O
RIC,ABIL.OQ
RIC,ABIL.B
RIC,ABIO.PA
RIC,ABIOEUR.xbo
RIC,ABIO.OQ
RIC,ABMG.BE
RIC,ABM.C
RIC,ABM.MW
RIC,ABMD.OQ
RIC,ABMD.P
RIC,ABMD.C
RIC,ABX.BE
RIC,ABX.H
RIC,ABX.MU
RIC,ABT.S
RIC,ABT.C
RIC,ABT.MW
RIC,ABTX.O
RIC,ABTX.P
RIC,ABTX.OQ
RIC,ABUS.O
RIC,ABUS.OQ
RIC,ABUS.DF
RIC,ACCP.PA
RIC,ACCPEUR.xbo
RIC,ACCP.S
RIC,CAGR.PA
RIC,CAGR.TI
RIC,CAGR.MI
RIC,ACAD.OQ
RIC,ACAD.P
RIC,ACAD.C
RIC,ACBstat.AX
RIC,ACB.AX
RIC,ACB.BT
RIC,ACBI.OQ
RIC,ACBI.O
RIC,ACBI.ZY
RIC,ACC.BK
RIC,ACCol.BK
RIC,ACCva.BK
RIC,ACCO.N
RIC,ACCO.K
RIC,ACCO.P
RIC,ACER.O
RIC,ACER.C
RIC,ACER.OQ
RIC,ACCS.NR
RIC,ACES.JK
RIC,ACESn.JK
RIC,ACET.OQ
RIC,ACET.P
RIC,ACET.C
RIC,ACGL.OQ
RIC,ACGL.P
RIC,ACGL.C
RIC,ACH.MW
RIC,ACH.TH
RIC,ACH.P
RIC,ACHC.O
RIC,ACHC.OQ
RIC,ACHC.DF
RIC,ACHN.MX
RIC,ACHN.BIV
RIC,ACHN.MCO
RIC,ACHV.OQ
RIC,ACHV.P
RIC,ACHV.C
RIC,LP40197195
RIC,ACIM.K
RIC,ACIM.B
RIC,ACIU.OQ
RIC,ACIU.B
RIC,ACIU.MW
RIC,ACIW.OQ
RIC,ACIW.P
RIC,ACIW.C
RIC,ACLS.OQ
RIC,ACLS.P
RIC,ACLS.MW
RIC,ACM.P
RIC,ACM.N
RIC,ACM
RIC,ACMR.O
RIC,ACMR.OQ
RIC,ACMR.B
RIC,ACG1V.SG
RIC,ACG1V.BE
RIC,ACN.C
RIC,ACNB.O
RIC,ACNB.OQ
RIC,ACNB.DF
RIC,ACOR.DF
RIC,ACOR.O
RIC,ACOR.OQ
RIC,ACPP.WA
RIC,ACPA.L
RIC,ACPl.TRE
RIC,ACRE.C
RIC,ACRE.DY
RIC,ACRE.N
RIC,ACRS.B
RIC,ACRS.O
RIC,ACRS.MW
RIC,ACRX.O
RIC,ACRX.OQ
RIC,ACRX.DF
RIC,ACSG.K
RIC,ACSG.A
RIC,ACSG.C
RIC,LP40217140
RIC,ACSI.K
RIC,ACSI.EI
RIC,ACST.V
RIC,ACST.GO
RIC,ACST.ALP
RIC,ACTG.CY
RIC,ACTJ.J
RIC,ACT.WA
RIC,ACTG.OQ
RIC,ACTG.P
RIC,ACTG.C
RIC,ACU.C
RIC,ACU.MW
RIC,ACU.TH
RIC,LP40211806
RIC,ACV.BE
RIC,ACV.MU
RIC,LP40211399
RIC,ACWF.P
RIC,ACWF.K
RIC,ACWI.O
RIC,ACWI.DF
RIC,ACWI.OQ
RIC,ACWV.Z
RIC,ACWV.C
RIC,ACWV.MW
RIC,ACWX.O
RIC,ACWX.DF
RIC,ACWX.OQ
RIC,ACY.C
RIC,ACY.MW
RIC,ACY.TH
RIC,ADAP.DF
RIC,ADAP.O
RIC,ADAP.DY
RIC,ADBE.OQ
RIC,ADBE.P
RIC,ADBE.MW
RIC,ADCG.BE
RIC,ADCG.SG
RIC,ADCG.D
RIC,ADES.JK
RIC,ADESc.JK
RIC,ADESn.JK
RIC,ADI.C
RIC,ADI.MW
RIC,ADI.P
RIC,ADIL.O
RIC,ADIL.MW
RIC,ADIL.Z
RIC,ADM.BE
RIC,ADM.MU
RIC,ADM.SG
RIC,ADMA.O
RIC,ADMA.B
RIC,ADMA.OQ
RIC,ADMP.O
RIC,ADMP.ZY
RIC,ADMP.PH
RIC,ADMS.Z
RIC,ADMS.OQ
RIC,ADMS.C
RIC,ADNT.K
RIC,ADNT.N
RIC,ADNT.B
RIC,ADOM.O
RIC,ADOM.OQ
RIC,ADOM.B
RIC,SWCO.SI
RIC,SWCOol.SI
RIC,SWCObi.SI
RIC,ADRA.OQ
RIC,ADRA.P
RIC,ADRA.C
RIC,ADRD.OQ
RIC,ADRD.P
RIC,ADRD.C
RIC,ADRE.OQ
RIC,ADRE.P
RIC,ADRE.C
RIC,ADROc.JK
RIC,ADRO.JK
RIC,ADROn.JK
RIC,ADRU.OQ
RIC,ADRU.P
RIC,ADRU.C
RIC,ADSGn.HA
RIC,ADSGn.H
RIC,ADSGn.MU
RIC,ADSK.OQ
RIC,ADSK.P
RIC,ADSK.MW
RIC,ADSW.B
RIC,ADSW.MW
RIC,ADSW.DF
RIC,ADT.L
RIC,ADTl.TRE
RIC,ADT
RIC,ADUS.O
RIC,ADUS.DF
RIC,ADUS.P
RIC,ADVM.OQ
RIC,ADVM.O
RIC,ADVM.MW
RIC,CFMP.F
RIC,CFMP.BE
RIC,CFMP.DEU
RIC,ADXS.O
RIC,ADXS.Z
RIC,ADXS.PH
RIC,AE.C
RIC,AE.MW
RIC,AE.TH
RIC,AEE.C
RIC,AEE.MW
RIC,AEE.TH
RIC,AEF.AX
RIC,AEFstat.AX
RIC,AEF.CHA
RIC,AEGR.L
RIC,AEGl.TRE
RIC,AEG.C
RIC,AEGN.OQ
RIC,AEGN.P
RIC,AEGN.C
RIC,AEHR.OQ
RIC,AEHR.P
RIC,AEHR.C
RIC,AEIS.OQ
RIC,AEIS.P
RIC,AEIS.C
RIC,AEL.MW
RIC,AEL.TH
RIC,AEL.P
RIC,AEMU.KL
RIC,AEMUbi.KL
RIC,AEMUol.KL
RIC,AEMD.O
RIC,AEMD.MW
RIC,AEMD.DG
RIC,AEO.L
RIC,AEOl.TRE
RIC,AEO.N
RIC,ANEA.L
RIC,AEPl.TRE
RIC,AEP.BE
RIC,AER
RIC,AER.C
RIC,AER.MW
RIC,AERI.C
RIC,AERI.P
RIC,AERI.DY
RIC,AES.BE
RIC,AES.MU
RIC,AES.SG
RIC,AETI.OQ
RIC,AETI.DF
RIC,AETI.O
RIC,AEY.MW
RIC,AEY.P
RIC,AEY.OQ
RIC,AEYE.O
RIC,AEYE.OQ
RIC,AEYE.B
RIC,AEZS.OQ
RIC,AEZS.P
RIC,AEZS.C
RIC,AFB.MW
RIC,AFB.TH
RIC,AFB.P
RIC,AEOS.MU
RIC,AEOS.F
RIC,AEOS.DEU
RIC,ECOL.BE
RIC,ECOL.SG
RIC,ECOL.F
RIC,AFI.AX
RIC,AFI.NZ
RIC,AFIstat.AX
RIC,AFIF.BE
RIC,AFIF.K
RIC,AFIF.P
RIC,.ATXFIN
RIC,AFIN.O
RIC,AFIN.A
RIC,AFK.OL
RIC,AFKol.OLp
RIC,AFK
RIC,AFL.MU
RIC,AFL.SG
RIC,AFL.BE
RIC,AFMD.DF
RIC,AFMD.DY
RIC,AFMD.NB
RIC,ANF.MU
RIC,ANF.SG
RIC,ANF.BE
RIC,LP40211194
RIC,AFTY.K
RIC,AFTY.DF
RIC,AG
RIC,AG.N
RIC,AG.P
RIC,AGCO.C
RIC,AGCO.MW
RIC,AGCO.TH
RIC,AGD.AX
RIC,AGDstat.AX
RIC,AGD.CHA
RIC,AGEG.MU
RIC,AGEG.SG
RIC,AGEG.BE
RIC,GASI.VI
RIC,AGEN.OQ
RIC,AGEN.P
RIC,AGF.HM
RIC,AGF.P
RIC,AGF
RIC,AGFS.ZY
RIC,AGFS.B
RIC,AGFS.NB
RIC,AGG.AX
RIC,AGGstat.AX
RIC,AGG.CHA
RIC,LP40215825
RIC,AGGE.K
RIC,AGGE.P
RIC,AGGP.L
RIC,AIGGl1.TRE
RIC,LP40215826
RIC,LP40212618
RIC,AGGY.B
RIC,AGGY.K
RIC,AGI.AX
RIC,AGIstat.AX
RIC,AGI.CHA
RIC,AGIO.C
RIC,AGIO.Z
RIC,AGIO.B
RIC,AGLE.OQ
RIC,AGLE.O
RIC,AGLE.MW
RIC,AGM.MW
RIC,AGM.TH
RIC,AGM.P
RIC,AGMa.MW
RIC,AGMa.TH
RIC,AGMa.P
RIC,AGMH.O
RIC,AGMH.OQ
RIC,AGMH.B
RIC,AEGN.AS
RIC,AEGN.MI
RIC,AGN.TI
RIC,AGNC.O
RIC,AGNC.OQ
RIC,AGNC.DF
RIC,LP40206080
RIC,AGND.O
RIC,AGND.OQ
RIC,AGO.MW
RIC,AGO.TH
RIC,AGO.P
RIC,AGQ.P
RIC,AGQ
RIC,AGQ.Z
RIC,AGRV.VI
RIC,AGRG.MU
RIC,AGRG.SG
RIC,AGRO.CY
RIC,AGRO.JK
RIC,AGROn.JK
RIC,AGRX.BEL
RIC,AGRX.B
RIC,AGRX.P
RIC,HRGS.SI
RIC,HRGSol.SI
RIC,HRGSbi.SI
RIC,ATR.BE
RIC,ATR.F
RIC,ATR.DEU
RIC,AGTC.MW
RIC,AGTC.P
RIC,AGTC.DG
RIC,AGX
RIC,AGX.N
RIC,AGX.DF
RIC,AGYS.OQ
RIC,AGYS.P
RIC,AGYS.C
RIC,AGZ.V
RIC,AGZ.GO
RIC,AGZ.ALP
RIC,LP40206081
RIC,AGZD.OQ
RIC,AGZD.MW
RIC,AHC.BK
RIC,AHCol.BK
RIC,AHCva.BK
RIC,AHH.C
RIC,AHH.MW
RIC,AHH
RIC,AHL.AX
RIC,AHLstat.AX
RIC,AHL.CHA
RIC,AHPI.OQ
RIC,AHPI.P
RIC,AHPI.C
RIC,AHTG.F
RIC,AHTG.DEU
RIC,AHTG.SG
RIC,AI.BK
RIC,AIss.BK
RIC,AIol.BK
RIC,AIA.AX
RIC,AIA.NZ
RIC,AIAstat.AX
RIC,AIEQ.K
RIC,AIEQ.A
RIC,AIEQ.P
RIC,AIF.L
RIC,AIFl.TRE
RIC,AIF.TO
RIC,AIG.C
RIC,AIG.MW
RIC,AIG.TH
RIC,AIHS.O
RIC,AIHS.OQ
RIC,AIHS.B
RIC,AIIQ.K
RIC,AIIQ.P
RIC,AIIQ.TH
RIC,AIMC.O
RIC,AIMC.DF
RIC,AIMC.OQ
RIC,AIMT.DF
RIC,AIMT.OQ
RIC,AIMT.O
RIC,AIN.MX
RIC,AIN.BIV
RIC,AIN.MCO
RIC,DEA1KFHK.SG
RIC,AINC.A
RIC,AINC.DG
RIC,AINV.OQ
RIC,AINV.P
RIC,AINV.C
RIC,AIPT.O
RIC,AIPT.DF
RIC,AIPT.DY
RIC,8298.BE
RIC,AIQ.AX
RIC,AIQstat.AX
RIC,AIRA.L
RIC,AIRl.TRE
RIC,AIRG.HA
RIC,AIRG.OQ
RIC,AIRG.B
RIC,AIRG.MW
RIC,AIRI.K
RIC,AIRI.DY
RIC,AIRI.B
RIC,LP40207012
RIC,AIRR.DG
RIC,AIRR.C
RIC,AIRT.OQ
RIC,AIRT.C
RIC,AIRT.P
RIC,AIT.BK
RIC,AITss.BK
RIC,AITol.BK
RIC,AIV.TH
RIC,AIV.MW
RIC,AIV.BE
RIC,AIZ.MW
RIC,AIZ.TH
RIC,AIZ.P
RIC,AJG.L
RIC,AJGl.TRE
RIC,AJG.C
RIC,AJRD.MW
RIC,AJRD.TH
RIC,AJRD.P
RIC,AJX.AX
RIC,AJXstat.AX
RIC,AJX.CHA
RIC,AKAM.OQ
RIC,AKAM.P
RIC,AKAM.MW
RIC,AKAO.C
RIC,AKAO.DF
RIC,AKAO.O
RIC,AKBA.C
RIC,AKBA.B
RIC,AKBA.OQ
RIC,AKER.O
RIC,AKER.ZY
RIC,AKER.C
RIC,AKG.AX
RIC,AKGstat.AX
RIC,AKG.CHA
RIC,AKOa.MW
RIC,AKOa.TH
RIC,AKOa.P
RIC,AKOb.MW
RIC,AKOb.TH
RIC,AKOb.P
RIC,ANIK.SG
RIC,ANIK.F
RIC,ANIK.DEU
RIC,AKR.L
RIC,AKERo.TRE
RIC,AKR.C
RIC,AKRX.OQ
RIC,AKRX.C
RIC,AKRX.MW
RIC,AKS.C
RIC,AKS.MW
RIC,AKS.TH
RIC,AKTS.O
RIC,AKTS.OQ
RIC,AKTS.B
RIC,AKTX.O
RIC,AKTX.OQ
RIC,AKTX.MW
RIC,AL.TN
RIC,AL.V
RIC,AL.GO
RIC,ASKA.KA
RIC,ALAC.O
RIC,ALAC.OQ
RIC,ALACR.OQ
RIC,ALACR.O
RIC,ALACR.A
RIC,ALACU.OQ
RIC,ALACU.O
RIC,ALACU.A
RIC,ALB.MC
RIC,ALBEUR.xbo
RIC,ALBss.MC
RIC,ALBO.OQ
RIC,ALBO.C
RIC,ALBO.O
RIC,ALCO.OQ
RIC,ALCO.P
RIC,ALCO.C
RIC,HON.BE
RIC,HON.HA
RIC,HON.H
RIC,ALDR.PA
RIC,ALDR.OQ
RIC,ALDR.C
RIC,ALDX.DF
RIC,ALDX.Z
RIC,ALDX.ZY
RIC,6770.MU
RIC,6770.SG
RIC,6770.F
RIC,ALEX.CA
RIC,ALEX.LG
RIC,ALEX.C
RIC,ALFA.ST
RIC,ALFASEK.xbo
RIC,ALFA.STf
RIC,MTVG.BE
RIC,MTVG.H
RIC,MTVG.MU
RIC,ALGN.OQ
RIC,ALGN.P
RIC,ALGN.C
RIC,ALGR.MKE
RIC,ALGR.OQ
RIC,ALGR.O
RIC,ALGRR.OQ
RIC,ALGRR.O
RIC,ALGRR.A
RIC,ALGRU.O
RIC,ALGRU.OQ
RIC,ALGRU.B
RIC,ALGT.O
RIC,ALGT.OQ
RIC,ALGT.DF
RIC,ALIM.O
RIC,ALIM.OQ
RIC,ALIM.DF
RIC,ALJJ.O
RIC,ALJJ.ZY
RIC,ALJJ.B
RIC,ALK.AX
RIC,ALKstat.AX
RIC,ALK.CHA
RIC,ALKS.OQ
RIC,ALKS.P
RIC,ALKS.C
RIC,ALL.C
RIC,ALL.MW
RIC,ALL.TH
RIC,ALLE.C
RIC,ALLE.K
RIC,ALLE.DY
RIC,ALLK.C
RIC,ALLK.O
RIC,ALLK.OQ
RIC,ALLO.OQ
RIC,ALLO.O
RIC,ALLO.A
RIC,ALLT.OQ
RIC,ALLT.O
RIC,ALLT.DF
RIC,ALLY.K
RIC,ALLY.DG
RIC,ALLY.P
RIC,ALNA.O
RIC,ALNA.OQ
RIC,ALNA.B
RIC,ALNY.OQ
RIC,ALNY.P
RIC,ALNY.C
RIC,ALSO.PA
RIC,ALSOEUR.xbo
RIC,ALSO.S
RIC,ALOT.OQ
RIC,ALOT.P
RIC,ALOT.C
RIC,ALPN.S
RIC,ALPN.O
RIC,ALPN.MW
RIC,ALQA.O
RIC,ALQA.DY
RIC,ALQA.DF
RIC,ALRM.B
RIC,ALRM.OQ
RIC,ALRM.O
RIC,ALRN.O
RIC,ALRN.OQ
RIC,ALRN.B
RIC,ALSK.OQ
RIC,ALSK.P
RIC,ALSK.C
RIC,ALSN.S
RIC,ALSN.DG
RIC,ALSN.K
RIC,ALTT.PA
RIC,ALTTEUR.xbo
RIC,ALT.AX
RIC,ALTM.OQ
RIC,ALTM.O
RIC,ALTM.B
RIC,MO.VI
RIC,ALSS.LS
RIC,ALSSEUR.xbo
RIC,LP40209416
RIC,ALTS.TH
RIC,ALTS.DY
RIC,LP40212622
RIC,ALTY.B
RIC,ALTY.O
RIC,ALVG.BE
RIC,ALVG.HA
RIC,ALVG.H
RIC,PHLX.AS
RIC,ALXG.BE
RIC,ALXG.D
RIC,ALXN.OQ
RIC,ALXN.P
RIC,ALXN.C
RIC,ALYA.OQ
RIC,ALYA.P
RIC,ALYA.C
RIC,AVMD.PA
RIC,AM.B
RIC,AM.DY
RIC,AMAG.C
RIC,AMAG.MW
RIC,AMAG.P
RIC,AMAL.AM
RIC,AMAL.BX
RIC,AMALdl.BX
RIC,AMAT.OQ
RIC,AMAT.P
RIC,AMAT.MW
RIC,AMBA.B
RIC,AMBA.Z
RIC,AMBA.PH
RIC,AMBC.PH
RIC,AMBC.P
RIC,AMBC.Z
RIC,AMBO.K
RIC,AMBO.A
RIC,AMBO.B
RIC,AMBR.C
RIC,AMBR.MW
RIC,AMBR.Z
RIC,AMC.BK
RIC,AMCol.BK
RIC,AMCva.BK
RIC,AMCAu.J
RIC,AMCA.O
RIC,AMCA.OQ
RIC,AMCI.OM
RIC,AMCI.OQ
RIC,AMCI.O
RIC,AMCIU.O
RIC,AMCIU.OQ
RIC,AMCIU.B
RIC,AMCN.O
RIC,AMCN.OQ
RIC,AMCN.DF
RIC,AMCX.OQ
RIC,AMCX.DF
RIC,AMCX.C
RIC,AMD.F
RIC,AMD.BE
RIC,AMD.HA
RIC,AME.C
RIC,AME.MW
RIC,AME.TH
RIC,AMED.OQ
RIC,AMED.P
RIC,AMED.C
RIC,AMEH.O
RIC,AMEH.OQ
RIC,AMEH.B
RIC,AMGN.F
RIC,AMGN.BE
RIC,AMGN.H
RIC,AMGN.OQ
RIC,AMGN.P
RIC,AMGN.MW
RIC,AMGP.K
RIC,AMGP.N
RIC,AMGP.B
RIC,AMH.AX
RIC,AMHstat.AX
RIC,AMH.CHA
RIC,AMID.N
RIC,AMID.P
RIC,AMID.C
RIC,AMJ.B
RIC,AMJ.P
RIC,AMJ
RIC,AMJL.MW
RIC,AMJL.P
RIC,AMJL.B
RIC,AMKR.OQ
RIC,AMKR.P
RIC,AMKR.C
RIC,AMLP.P
RIC,AMLP.C
RIC,AMLP.MW
RIC,AMMA.OQ
RIC,AMMA.B
RIC,AMMA.MW
RIC,AMN.MX
RIC,AMN.BIV
RIC,AMN.MCO
RIC,AMNB.OQ
RIC,AMNB.P
RIC,AMNB.C
RIC,AMOT.OQ
RIC,AMOT.C
RIC,AMOT.P
RIC,AMOV.N
RIC,AMOV.P
RIC,AMOV.C
RIC,APE.MC
RIC,APEss.MC
RIC,APEEUR.xbo
RIC,AMPE.K
RIC,AMPE.A
RIC,AMPE.C
RIC,AMPH.DF
RIC,AMPH.O
RIC,AMPH.C
RIC,CDUA.DEU
RIC,CDUA.F
RIC,CDUA.H
RIC,AMRB.OQ
RIC,AMRB.P
RIC,AMRB.C
RIC,AMRC.N
RIC,AMRC.P
RIC,AMRC.K
RIC,AMRH.O
RIC,AMRH.OQ
RIC,AMRH.B
RIC,AMRK.TA
RIC,AMRK.NB
RIC,AMRK.DY
RIC,AMRN.OQ
RIC,AMRN.C
RIC,AMRN.P
RIC,AMRX.K
RIC,AMRX.B
RIC,AMRX.DF
RIC,AMSU.L
RIC,AMSl.TRE
RIC,AMS.C
RIC,AMSC.OQ
RIC,AMSC.P
RIC,AMSC.C
RIC,AMSF.DF
RIC,AMSF.C
RIC,AMSF.P
RIC,AMSWA.O
RIC,AMSWA.DF
RIC,AMSWA.C
RIC,AMTD.SG
RIC,AMTD.BE
RIC,AMTD.D
RIC,AMTB.OQ
RIC,AMTB.O
RIC,AMTB.A
RIC,AMTBB.OQ
RIC,AMTBB.O
RIC,AMTBB.A
RIC,AMTD.OQ
RIC,AMTD.P
RIC,AMTD.MW
RIC,AMTX.O
RIC,AMTX.B
RIC,AMTX.PH
RIC,AMAG.BE
RIC,AMAG.F
RIC,AMAG.DEU
RIC,AMUB.P
RIC,AMUB.K
RIC,AMUB.DG
RIC,AMWD.OQ
RIC,AMWD.P
RIC,AMWD.C
RIC,AMX.C
RIC,AMX.MW
RIC,AMX.TH
RIC,LP40209414
RIC,AMZA.P
RIC,AMZA.B
RIC,AMZN.OQ
RIC,AMZN.LM
RIC,AMZN.P
RIC,AN.C
RIC,AN.MW
RIC,AN.TH
RIC,ANAB.OQ
RIC,ANAB.O
RIC,ANAB.DF
RIC,ANAT.OQ
RIC,ANAT.P
RIC,ANAT.C
RIC,ANCX.OQ
RIC,ANCX.P
RIC,ANCX.C
RIC,ANDE.OQ
RIC,ANDE.P
RIC,ANDE.C
RIC,ANDX.N
RIC,ANDX.P
RIC,ANDX.MW
RIC,ANET.K
RIC,ANET.N
RIC,ANET.DF
RIC,ANF.C
RIC,ANF.MW
RIC,ANF.TH
RIC,ANFI.CA
RIC,ANFI.K
RIC,ANFI.B
RIC,.ANGI
RIC,ANGI.O
RIC,ANGI.OQ
RIC,ANGL.TA
RIC,LP40197907
RIC,ANGL.B
RIC,ANGO.OQ
RIC,ANGO.C
RIC,ANGO.DF
RIC,ANHJ.J
RIC,ANH.MW
RIC,ANH.TH
RIC,ANIK.OQ
RIC,ANIK.P
RIC,ANIK.C
RIC,ANIP.MW
RIC,ANIP.P
RIC,ANIP.OQ
RIC,ANIX.O
RIC,ANIX.MW
RIC,ANIX.OQ
RIC,ANSS.OQ
RIC,ANSS.P
RIC,ANSS.C
RIC,ANTM.JK
RIC,ANTMc.JK
RIC,ANTMn.JK
RIC,ANYB.BU
RIC,ANYB.BUf
RIC,ANY.O
RIC,AOA.DF
RIC,AOA.P
RIC,AOA
RIC,AOBC.MW
RIC,AOBC.P
RIC,AOBC.OQ
RIC,ANGJy.BE
RIC,ANGJy.H
RIC,ANGJy.MU
RIC,AOK.AX
RIC,AOKstat.AX
RIC,AOK.CHA
RIC,AOM.DF
RIC,AOM.P
RIC,AOM
RIC,8304.BE
RIC,8304.MU
RIC,8304.F
RIC,AOR.L
RIC,AORl.TRE
RIC,AOR.NZ
RIC,DOX.MU
RIC,DOX.SG
RIC,DOX.F
RIC,AOSL.O
RIC,AOSL.OQ
RIC,AOSL.DF
RIC,AP.BK
RIC,APss.BK
RIC,APol.BK
RIC,APA.P
RIC,APA.BE
RIC,APA.C
RIC,APAM.AS
RIC,APAMEUR.xbo
RIC,APAM.MC
RIC,APBS.KL
RIC,APBSbi.KL
RIC,APBSol.KL
RIC,AAPL.BE
RIC,AAPL.H
RIC,AAPL.MU
RIC,APD.TH
RIC,APD.P
RIC,APD.MW
RIC,APDN.O
RIC,APDN.P
RIC,APDN.B
RIC,APEI.OQ
RIC,APEI.DF
RIC,APEI.O
RIC,APEN.O
RIC,APEN.C
RIC,APEN.DG
RIC,APF.C
RIC,APF.MW
RIC,APF.TH
RIC,ALAPH.L
RIC,APHl.TRE
RIC,APH.C
RIC,APHA.TO
RIC,APHA.CCP
RIC,APHA.GO
RIC,APHB.K
RIC,APHB.MW
RIC,APHB.A
RIC,APLE.DY
RIC,APLE.K
RIC,APLE.ZY
RIC,APLS.OQ
RIC,APLS.O
RIC,APLS.A
RIC,APMA.KL
RIC,APMAbi.KL
RIC,APMAol.KL
RIC,APO.PS
RIC,APOol.PS
RIC,APO.N
RIC,APOG.OQ
RIC,APOG.P
RIC,APOG.C
RIC,APOP.OQ
RIC,APOP.B
RIC,APOP.MW
RIC,APPF.DF
RIC,APPF.OQ
RIC,APPF.O
RIC,APPN.O
RIC,APPN.OQ
RIC,APPN.B
RIC,APPS.O
RIC,APPS.DG
RIC,APPS.B
RIC,APRN.K
RIC,APRN.N
RIC,APRN.B
RIC,APT.L
RIC,APTl.TRE
RIC,APT.MW
RIC,APTO.O
RIC,APTO.DY
RIC,APTO.DG
RIC,APTS.N
RIC,APTS.P
RIC,APTS.K
RIC,APTV.K
RIC,APTV.B
RIC,APTV.DG
RIC,APTX.O
RIC,APTX.OQ
RIC,APTX.B
RIC,APU.MW
RIC,APU.TH
RIC,APU.P
RIC,APVO.O
RIC,APVO.MW
RIC,APVO.NB
RIC,APWC.O
RIC,APWC.OQ
RIC,APWC.DF
RIC,APY.TO
RIC,APY.GO
RIC,APY.CXC
RIC,APYX.MW
RIC,APYX.P
RIC,APYX.OQ
RIC,AQ.BK
RIC,AQol.BK
RIC,AQva.BK
RIC,AQB.O
RIC,AQB.OQ
RIC,AQB.B
RIC,AQMS.DF
RIC,AQMS.O
RIC,AQMS.DY
RIC,AQN.TO
RIC,AQN.GO
RIC,AQN.ALP
RIC,AQST.A
RIC,AQST.B
RIC,AQST.BAT
RIC,AQUA.BK
RIC,AQUAol.BK
RIC,AQUAva.BK
RIC,AQXP.C
RIC,AQXP.PH
RIC,AQXP.B
RIC,AR.PS
RIC,ARol.PS
RIC,AR.TO
RIC,ARA.AX
RIC,ARAstat.AX
RIC,ARA.CHA
RIC,ARAV.C
RIC,ARAV.B
RIC,ARAV.P
RIC,ARAY.O
RIC,ARAY.OQ
RIC,ARAY.DF
RIC,ARC.L
RIC,ARCl.TRE
RIC,ARC.AX
RIC,ARCB.OQ
RIC,ARCB.P
RIC,ARCB.C
RIC,ARCC.P
RIC,ARCC.DF
RIC,ARCC.C
RIC,ARCE.OQ
RIC,ARCE.O
RIC,ARCE.A
RIC,ARCH.V
RIC,ARCH.OMG
RIC,ARCH.CCP
RIC,ARCI.O
RIC,ARCI.C
RIC,ARCI.OQ
RIC,ARCMA.L
RIC,ARCMl.TRE
RIC,LP40220190
RIC,ARCO.N
RIC,ARCO.P
RIC,ARCO.K
RIC,ARCT.ST
RIC,ARCT.STf
RIC,ARCT.OQ
RIC,ARCW.O
RIC,ARCW.OQ
RIC,ARCW.DF
RIC,LP40201658
RIC,ARDC.MW
RIC,ARDC.K
RIC,ARDS.A
RIC,ARDS.BT1
RIC,ARDS.BAT
RIC,ARDX.B
RIC,ARDX.PH
RIC,ARDX.NB
RIC,ARE.AX
RIC,AREstat.AX
RIC,ARE.CHA
RIC,ARES.N
RIC,ARES.DG
RIC,ARES.TH
RIC,AREX.O
RIC,AREX.DF
RIC,AREX.OQ
RIC,ARGO.JK
RIC,ARGOc.JK
RIC,ARGOn.JK
RIC,ARGT.P
RIC,ARGT.C
RIC,ARGT.MW
RIC,ARGX.BR
RIC,ARGX.OQ
RIC,ARGX.O
RIC,ARI.AX
RIC,ARIstat.AX
RIC,ARI.CHA
RIC,LP40209692
RIC,ARKG.TH
RIC,ARKG.DF
RIC,LP40209693
RIC,ARKK.K
RIC,ARKK.TH
RIC,LP40209292
RIC,ARKQ.TH
RIC,ARKQ.NB
RIC,ARKR.OQ
RIC,ARKR.P
RIC,ARKR.C
RIC,LP40209293
RIC,ARKW.DF
RIC,ARKW.TH
RIC,ARLG.H
RIC,ARLG.MU
RIC,ARLG.SG
RIC,ARLO.K
RIC,ARLO.N
RIC,ARLO.B
RIC,ARLP.OQ
RIC,ARLP.P
RIC,ARLP.C
RIC,ARMKI.MM
RIC,ARMK.B
RIC,ARMK.C
RIC,ARNA.JK
RIC,ARNAc.JK
RIC,ARNAn.JK
RIC,ARNC.TH
RIC,ARNC.P
RIC,ARNC.MW
RIC,AROC.N
RIC,AROC.K
RIC,AROC.DF
RIC,AROW.OQ
RIC,AROW.P
RIC,AROW.C
RIC,ARPO.O
RIC,ARPO.N
RIC,ARPO.OQ
RIC,ARQL.OQ
RIC,ARQL.P
RIC,ARQL.C
RIC,AURT.L
RIC,ARRl.TRE
RIC,ARRP.WA
RIC,ARRS.O
RIC,ARRS.OQ
RIC,ARRS.B
RIC,ARRY.OQ
RIC,ARRY.P
RIC,ARRY.C
RIC,ARTNA.OQ
RIC,ARTNA.P
RIC,ARTNA.C
RIC,ARTW.OQ
RIC,ARTW.C
RIC,ARTW.P
RIC,ARTX.OQ
RIC,ARTX.P
RIC,ARTX.C
RIC,ARVN.O
RIC,ARVN.OQ
RIC,ARVN.B
RIC,ARW.MU
RIC,ARW.SG
RIC,ARW.C
RIC,ARWR.OQ
RIC,ARWR.C
RIC,ARWR.P
RIC,ARYA.OQ
RIC,ARYA.O
RIC,ARYA.A
RIC,ARYAU.OQ
RIC,ARYAU.O
RIC,ARYAU.A
RIC,ASA.C
RIC,ASA.MW
RIC,ASA.TH
RIC,ADVA.KL
RIC,ADVAbi.KL
RIC,ADVAol.KL
RIC,ASOS.L
RIC,ASCl.TRE
RIC,ASC.OL
RIC,ASCMA.O
RIC,ASCMA.OQ
RIC,ASCMA.DF
RIC,ASEA.P
RIC,ASEA.C
RIC,ASEA.MW
RIC,LP40214114
RIC,ASET.O
RIC,ASET.DY
RIC,ASFI.OQ
RIC,ASFI.P
RIC,ASFI.C
RIC,GASI.BE
RIC,GASI.HA
RIC,GASI.H
RIC,ASGN.N
RIC,ASGN.P
RIC,ASGN.C
RIC,ALY.BE
RIC,ALY.SG
RIC,ALY.F
RIC,LP40205483
RIC,ASHR.DG
RIC,ASHR.DY
RIC,LP40207774
RIC,ASHS.B
RIC,ASHS.PH
RIC,LP40213699
RIC,ASHX.MW
RIC,ASHX.K
RIC,ASIX.K
RIC,ASIX.N
RIC,ASIX.B
RIC,ASLN.OQ
RIC,ASLN.O
RIC,ASLN.A
RIC,ASMI.AS
RIC,ASMIEUR.xbo
RIC,ASM
RIC,ASMB.OQ
RIC,ASMB.O
RIC,ASMB.DF
RIC,ASML.AS
RIC,ASMLEUR.xbo
RIC,ASML.S
RIC,ASNA.OQ
RIC,ASNA.P
RIC,ASNA.C
RIC,ASND.TO
RIC,ASND.GO
RIC,ASND.ALP
RIC,ASNS.O
RIC,ASNS.OQ
RIC,ASNS.B
RIC,ASPN.DG
RIC,ASPN.TH
RIC,ASPN.N
RIC,ASPS.O
RIC,ASPS.OQ
RIC,ASPS.C
RIC,ASPU.O
RIC,ASPU.OQ
RIC,ASPU.B
RIC,ASR.TO
RIC,ASR.GO
RIC,ASR.ALP
RIC,ASRT.OQ
RIC,ASRT.P
RIC,ASRT.C
RIC,ASRV.OQ
RIC,ASRV.P
RIC,ASRV.C
RIC,ASCR.L
RIC,ASTl.TRE
RIC,AZPN.F
RIC,ASTC.OQ
RIC,ASTC.P
RIC,ASTC.C
RIC,ASTE.OQ
RIC,ASTE.P
RIC,ASTE.C
RIC,ASUR.OQ
RIC,ASUR.P
RIC,ASUR.C
RIC,ASV.BE
RIC,ASV.F
RIC,ASV.DEU
RIC,AALI.BE
RIC,AALI.MU
RIC,AALI.SG
RIC,ASYS.OQ
RIC,ASYS.P
RIC,ASYS.C
RIC,ATSM.KL
RIC,ATSMbi.KL
RIC,ATSMol.KL
RIC,ATAI.O
RIC,ATAI.OQ
RIC,ATAI.DF
RIC,ATAX.OQ
RIC,ATAX.P
RIC,ATAX.C
RIC,ATEC.DF
RIC,ATEC.OQ
RIC,ATEC.O
RIC,ATEN.N
RIC,ATEN.K
RIC,ATEN.B
RIC,ATGE.C
RIC,ATGE.MW
RIC,ATGE.TH
RIC,ATHO.VI
RIC,ATH.MI
RIC,ATHEUR.xbo
RIC,ATHM.B
RIC,ATHM.DG
RIC,ATHM.DY
RIC,ATHN.BEL
RIC,ATHN.O
RIC,ATHN.DF
RIC,ATHX.O
RIC,ATHX.OQ
RIC,ATHX.DF
RIC,MRSP.PA
RIC,ATI.C
RIC,ATI.MW
RIC,ATIS.O
RIC,ATIS.B
RIC,ATIS.BAT
RIC,ATKR.BEL
RIC,ATKR.K
RIC,ATKR.P
RIC,ATLC.OQ
RIC,ATLC.P
RIC,ATLC.C
RIC,ATLO.O
RIC,ATLO.DF
RIC,ATLO.OQ
RIC,ATMP.C
RIC,ATMP.K
RIC,ATMP.DF
RIC,ATNI.C
RIC,ATNI.MW
RIC,ATNI.P
RIC,ATNM.K
RIC,ATNM.ZY
RIC,ATNM.C
RIC,ATNX.P
RIC,ATNX.O
RIC,ATNX.OQ
RIC,ATOS.PA
RIC,ATOSEUR.xbo
RIC,ATOS.VI
RIC,ATOM.MKE
RIC,ATOM.O
RIC,ATOM.OQ
RIC,ATOS.Z
RIC,ATOS.P
RIC,ATOS.OQ
RIC,ATR.AX
RIC,ATRstat.AX
RIC,ATR.CHA
RIC,ATRA.DY
RIC,ATRA.O
RIC,ATRA.B
RIC,ATRC.DF
RIC,ATRC.O
RIC,ATRC.C
RIC,ATRI.OQ
RIC,ATRI.P
RIC,ATRI.C
RIC,ATRO.OQ
RIC,ATRO.P
RIC,ATRO.C
RIC,ATRS.O
RIC,ATRS.C
RIC,ATRS.P
RIC,ATSG.O
RIC,ATSG.DF
RIC,ATSG.C
RIC,ATTU.O
RIC,ATTU.DG
RIC,ATTU.PH
RIC,ATU.C
RIC,ATU.MW
RIC,ATU.TH
RIC,ATUS.K
RIC,ATUS.N
RIC,ATUS.B
RIC,ATV.V
RIC,ATV.GO
RIC,ATV.ALP
RIC,ATVI.P
RIC,ATVI.MW
RIC,ATVI.C
RIC,ATXI.O
RIC,ATXI.OQ
RIC,ATXI.B
RIC,AU.C
RIC,AU.MW
RIC,AU.TH
RIC,AUBN.OQ
RIC,AUBN.C
RIC,AUBN.P
RIC,AUDC.TA
RIC,AUDC.OQ
RIC,AUDC.P
RIC,AUG.L
RIC,AUGl.TRE
RIC,AUG.TR
RIC,AUCP.PA
RIC,AUGR.K
RIC,AUGR.P
RIC,AUMN.K
RIC,AUMN.ALP
RIC,AUMN.TO
RIC,AUO.C
RIC,AUO.MW
RIC,AUO.TH
RIC,AUPH.O
RIC,AUPH.DF
RIC,AUPH.NB
RIC,AUSE.K
RIC,AUSE.P
RIC,AUSE.DF
RIC,AUSF.K
RIC,AUSF.P
RIC,AUSF.TH
RIC,AUTL.O
RIC,AUTL.OQ
RIC,AUTL.B
RIC,AUTO.JK
RIC,AUTOc.JK
RIC,AUTOn.JK
RIC,AUY.MW
RIC,AUY.TH
RIC,AUY.P
RIC,AVA.C
RIC,AVA.MW
RIC,AVA.TH
RIC,AVAL.DF
RIC,AVAL.DG
RIC,AVAL.B
RIC,AVAV.OQ
RIC,AVAV.DF
RIC,AVAV.O
RIC,ATVE.BE
RIC,ATVE.F
RIC,ATVE.SG
RIC,AVCO.O
RIC,AVCO.OQ
RIC,AVCO.B
RIC,AVID.MU
RIC,AVID.DEU
RIC,AVID.F
RIC,AVDL.OQ
RIC,AVDL.P
RIC,AVDL.C
RIC,AVEO.O
RIC,AVEO.OQ
RIC,AVEO.DF
RIC,AVGO.O
RIC,AVGO.C
RIC,AVGO.OQ
RIC,AVGRq.L
RIC,AVGRl.TRE
RIC,AVGR.O
RIC,AVH.AX
RIC,AVHstat.AX
RIC,AVH.CHA
RIC,AVID.O
RIC,AVID.OQ
RIC,AVID.MW
RIC,AVK.C
RIC,AVK.MW
RIC,AVK.TH
RIC,AVLR.K
RIC,AVLR.NB
RIC,AVLR.BAT
RIC,AVNS.N
RIC,AVNS.DY
RIC,AVNS.Z
RIC,AVNW.OQ
RIC,AVNW.P
RIC,AVNW.C
RIC,AVP.BE
RIC,AVP.H
RIC,AVP.MU
RIC,AVRO.O
RIC,AVRO.OQ
RIC,AVRO.B
RIC,2357.F
RIC,2357.MU
RIC,2357.SG
RIC,HLGE.SI
RIC,HLGEol.SI
RIC,HLGEbi.SI
RIC,AVXL.O
RIC,AVXL.OQ
RIC,AVXL.B
RIC,AVY.C
RIC,AVY.MW
RIC,AVY.TH
RIC,AVYA.K
RIC,AVYA.N
RIC,AVYA.B
RIC,AWF.NZ
RIC,AWF.C
RIC,AWF.MW
RIC,THAK.SI
RIC,THAKol.SI
RIC,THAKbi.SI
RIC,FXCGbi.SI
RIC,FXCGol.SI
RIC,FXCG.SI
RIC,AWP.N
RIC,AWP.P
RIC,AWP
RIC,AWRE.MU
RIC,AWRE.F
RIC,AWRE.DEU
RIC,AWRE.OQ
RIC,AWRE.P
RIC,AWRE.MW
RIC,AWSM.C
RIC,AWSM.MW
RIC,AWSM.P
RIC,AEM.SI
RIC,AEMol.SI
RIC,AEMbi.SI
RIC,AX.DF
RIC,AX.P
RIC,AX.C
RIC,AXAS.MW
RIC,AXAS.P
RIC,AXAS.OQ
RIC,AXDX.MW
RIC,AXDX.P
RIC,AXDX.OQ
RIC,AXE.C
RIC,AXE.MW
RIC,AXE.TH
RIC,AXGN.O
RIC,AXGN.C
RIC,AXGN.OQ
RIC,AXJL.K
RIC,AXJL.P
RIC,AXJL.DF
RIC,LP40207455
RIC,AXJV.B
RIC,AXJV.P
RIC,AXL.C
RIC,AXL.MW
RIC,AXL.TH
RIC,AXNX.OQ
RIC,AXNX.O
RIC,AXNX.A
RIC,AXOr.AT
RIC,AXON.OQ
RIC,AXON.O
RIC,AXP.C
RIC,AXP.MW
RIC,AXP.TH
RIC,AXR.MW
RIC,AXR.TH
RIC,AXR.P
RIC,AXS.MW
RIC,AXS.TH
RIC,AXS.P
RIC,AXSM.DF
RIC,AXSM.O
RIC,AXSM.DY
RIC,AXTA.K
RIC,AXTA.N
RIC,AXTA.DF
RIC,AXTI.OQ
RIC,AXTI.P
RIC,AXTI.C
RIC,AXU
RIC,AXU.A
RIC,AXU.DF
RIC,AY.C
RIC,AY.PH
RIC,AY.B
RIC,AYI.C
RIC,AYI.MW
RIC,AYI.TH
RIC,AYRstat.AX
RIC,AYR.AX
RIC,AYR.CHA
RIC,AYTU.O
RIC,AYTU.OQ
RIC,AYTU.B
RIC,AYX
RIC,AYX.N
RIC,AYX.B
RIC,AZN.L
RIC,AZN.ST
RIC,AZNGBP.xbo
RIC,AZO.C
RIC,AZO.MW
RIC,AZO.TH
RIC,AZPN.O
RIC,AZPN.OQ
RIC,AZPN.DF
RIC,AZRE.K
RIC,AZRE.N
RIC,AZRE.B
RIC,AZRX.O
RIC,AZRX.OQ
RIC,AZRX.B
RIC,AZUL.K
RIC,AZUL.N
RIC,AZUL.B
RIC,AZZ.MW
RIC,AZZ.TH
RIC,AZZ.P
RIC,B.BK
RIC,Bol.BK
RIC,Bva.BK
RIC,BA.C
RIC,BA.MW
RIC,BA.TH
RIC,BAB.L
RIC,BABGBP.xbo
RIC,BABl.TRE
RIC,BABA.DF
RIC,BABA.B
RIC,BABA.K
RIC,BABY.OQ
RIC,BABY.P
RIC,BABY.C
RIC,VZ.H
RIC,VZ.MU
RIC,VZ.SG
RIC,BAF.L
RIC,BAFl.TRE
RIC,BAF.MW
RIC,ARTG.VI
RIC,BAHP.WA
RIC,BAH.N
RIC,BAK.MW
RIC,BAK.TH
RIC,BAK.P
RIC,BAL.CS
RIC,BAL.WA
RIC,BAL.AX
RIC,BAM.C
RIC,BAM.MW
RIC,BAM.TH
RIC,BANC.N
RIC,BANC.P
RIC,BANC.C
RIC,BAND.OQ
RIC,BAND.O
RIC,BAND.A
RIC,BANF.OQ
RIC,BANF.P
RIC,BANF.C
RIC,BANR.OQ
RIC,BANR.P
RIC,BANR.C
RIC,BANX.OQ
RIC,BANX.MW
RIC,BANX.DY
RIC,BAP.LM
RIC,BAP.MW
RIC,BAP.TH
RIC,BAR.BR
RIC,BAREUR.xbo
RIC,BKS.BE
RIC,BASFZ.S
RIC,BASFn.BE
RIC,BASFn.HA
RIC,BASI.OQ
RIC,BASI.P
RIC,BASI.C
RIC,BATRK.O
RIC,BATRK.C
RIC,BATRK.OQ
RIC,BATT.CXC
RIC,BATT.ALP
RIC,BATT.OMG
RIC,BAX.S
RIC,BAX.C
RIC,BAX.MW
RIC,BICP.PA
RIC,BICPEUR.xbo
RIC,BIO.MI
RIC,BBAX.K
RIC,BBAX.P
RIC,BBAX.TH
RIC,BBBY.OQ
RIC,BBBY.P
RIC,BBBY.MW
RIC,BBC.HM
RIC,LP40210322
RIC,BBC.MZ
RIC,BBCA.JK
RIC,BBCAc.JK
RIC,BBCAn.JK
RIC,BBCP.OQ
RIC,BBCP.O
RIC,BBCP.A
RIC,BBD.TH
RIC,BBD.P
RIC,BBD.MW
RIC,BBDC.K
RIC,BBDC.P
RIC,BBDC.N
RIC,BBDO.B
RIC,BBDO.DY
RIC,BBDO.DF
RIC,BBEU.PA
RIC,BBEU.MI
RIC,BBEU.DY
RIC,BBF.MW
RIC,BBF.TH
RIC,BBF.P
RIC,BBGI.OQ
RIC,BBGI.P
RIC,BBGI.C
RIC,BBH.TR
RIC,LP40195949
RIC,BBH.O
RIC,BBJP.N
RIC,BBJP.MW
RIC,BBJP.ZY
RIC,BBT.BE
RIC,BBT.F
RIC,BBT.DEU
RIC,BBL.BK
RIC,BBLss.BK
RIC,BBLol.BK
RIC,BBN.S
RIC,BBN.MX
RIC,BBN.BIV
RIC,HKEW.SI
RIC,HKEWol.SI
RIC,HKEWbi.SI
RIC,LP40200077
RIC,BBRC.B
RIC,BBRC.C
RIC,BBRE.DG
RIC,BBRE.P
RIC,BBRE.EI
RIC,BBSI.OQ
RIC,BBSI.P
RIC,BBSI.C
RIC,BBT.C
RIC,BBT.MW
RIC,BBT.TH
RIC,BBU
RIC,BBU.N
RIC,BBU.B
RIC,BBVA.MC
RIC,BBVAEUR.xbo
RIC,BBVAss.MC
RIC,AZEU.SI
RIC,AZEUbi.SI
RIC,AZEUol.SI
RIC,BBX.AX
RIC,BBXstat.AX
RIC,BBX.CHA
RIC,BALF.L
RIC,BALFGBP.xbo
RIC,BBYl.TRE
RIC,BC.C
RIC,BC.MW
RIC,BC.TH
RIC,BCAC.OQ
RIC,BCAC.O
RIC,BCAC.B
RIC,BCACR.OQ
RIC,BCACR.O
RIC,BCACR.B
RIC,BCACU.O
RIC,BCACU.OQ
RIC,BCACU.B
RIC,BCBP.O
RIC,BCBP.P
RIC,BCBP.OQ
RIC,BCC.AX
RIC,BCCstat.AX
RIC,BCC.CHA
RIC,CYBP.SI
RIC,CYBPol.SI
RIC,CYBPbi.SI
RIC,BCE.C
RIC,BCE.MW
RIC,BCE.TH
RIC,BCEI.K
RIC,BCEI.N
RIC,BCEI.DF
RIC,BCH.BK
RIC,BCHss.BK
RIC,BCHol.BK
RIC,BCIB.L
RIC,BCIl.TRE
RIC,BCI.TO
RIC,BCLI.O
RIC,BCLI.B
RIC,BCLI.OQ
RIC,BCM.V
RIC,BCM.GO
RIC,BCM.ALP
RIC,BCML.O
RIC,BCML.OQ
RIC,BCML.B
RIC,.BCNA.BC
RIC,BCNA.O
RIC,BCNA.OQ
RIC,BA.F
RIC,BA.BE
RIC,BA.HA
RIC,BCOM.OQ
RIC,BCOM.O
RIC,BCOM.DF
RIC,BCOR.OQ
RIC,BCOR.P
RIC,BCOR.MW
RIC,BCOV.OQ
RIC,BCOV.O
RIC,BCOV.DY
RIC,BCOW.OQ
RIC,BCOW.O
RIC,BCOW.A
RIC,BCPC.C
RIC,BCPC.MW
RIC,BCPC.P
RIC,BCRH.B
RIC,BCRH.K
RIC,BCRH.DF
RIC,BCRX.OQ
RIC,BCRX.P
RIC,BCRX.C
RIC,BCS.C
RIC,BCS.MW
RIC,BCS.TH
RIC,BCSF.K
RIC,BCSF.N
RIC,BCSF.B
RIC,BCTF.O
RIC,BCTF.OQ
RIC,BCTF.B
RIC,QIAN.SI
RIC,QIANol.SI
RIC,QIANbi.SI
RIC,BCX.CD
RIC,BCX.OMG
RIC,BCX.CCP
RIC,BDC.C
RIC,BDC.MW
RIC,BDC.TH
RIC,BDCL.P
RIC,BDCL.MW
RIC,BDCL.C
RIC,BDCS.P
RIC,BDCS.MW
RIC,BDCS.TH
RIC,BDCZ.K
RIC,BDCZ.DF
RIC,BDCZ.MW
RIC,BDD.BE
RIC,BDD.P
RIC,BDD.DF
RIC,BDGE.O
RIC,BDGE.C
RIC,BDGE.OQ
RIC,BDJ.F
RIC,BDJ.DEU
RIC,BDJ.TG
RIC,BDL.MC
RIC,BDLss.MC
RIC,BDLEUR.xbo
RIC,BDN.C
RIC,BDN.MW
RIC,BDN.TH
RIC,WLAR.SI
RIC,WLARol.SI
RIC,WLARbi.SI
RIC,BDRY.K
RIC,BDRY.P
RIC,BDRY.TH
RIC,BDSI.OQ
RIC,BDSI.C
RIC,BDSI.P
RIC,GSHC.SI
RIC,GSHCol.SI
RIC,GSHCbi.SI
RIC,BE.MI
RIC,BEEUR.xbo
RIC,BE.OMG
RIC,BEAT.O
RIC,BEAT.DF
RIC,BEAT.OQ
RIC,BECN.DF
RIC,BECN.C
RIC,BECN.OQ
RIC,BEDU.N
RIC,BEDU.K
RIC,BEDU.B
RIC,LP40219346
RIC,BEF
RIC,BEF.P
RIC,BEL.AX
RIC,BELstat.AX
RIC,BEL.CHA
RIC,BELFA.OQ
RIC,BELFA.P
RIC,BELFA.C
RIC,BELFB.OQ
RIC,BELFB.P
RIC,BELFB.C
RIC,BEMO.BY
RIC,LP40215842
RIC,BEMO.K
RIC,CHBE.PA
RIC,CHBEEUR.xbo
RIC,BEN.C
RIC,BEP
RIC,BEP.B
RIC,BEP.C
RIC,BERN.K
RIC,BERN.C
RIC,BERN.B
RIC,BERY.B
RIC,BERY.MW
RIC,BERY.TH
RIC,BFa.C
RIC,BFa.MW
RIC,BFa.TH
RIC,BFb.C
RIC,BFb.MW
RIC,BFb.TH
RIC,BFAM.PFTQ
RIC,BFAM.PFT
RIC,BFAM.PFTR
RIC,KTMI.BN
RIC,BFC.O
RIC,BFC.OQ
RIC,BFIN.JK
RIC,BFINc.JK
RIC,BFINn.JK
RIC,BFIT.BK
RIC,BFITol.BK
RIC,BFITva.BK
RIC,PHAR.SI
RIC,PHARbi.SI
RIC,PHARol.SI
RIC,BFO.MW
RIC,BFO.TH
RIC,BFO.P
RIC,LP40202520
RIC,BFOR.DG
RIC,BFOR.MW
RIC,BFR.C
RIC,BFR.MW
RIC,BFR.TH
RIC,BFRA.O
RIC,BFRA.OQ
RIC,BFRA.B
RIC,BFS.C
RIC,BFS.MW
RIC,BFS.TH
RIC,BFST.OQ
RIC,BFST.O
RIC,BFST.A
RIC,BFY.MW
RIC,BFY.TH
RIC,BFY.P
RIC,BFZ.MW
RIC,BFZ.TH
RIC,BFZ.P
RIC,BGBG.MU
RIC,LP40200752
RIC,BGB
RIC,BGCP.OQ
RIC,BGCP.P
RIC,BGCP.C
RIC,BGFV.O
RIC,BGFV.DF
RIC,BGFV.C
RIC,BGG.C
RIC,BGG.MW
RIC,BGG.TH
RIC,BGHG.DEU
RIC,BGHG.F
RIC,BGHG.SG
RIC,BGI.NZ
RIC,BGI.TA
RIC,BGI.A
RIC,LP40218961
RIC,BGIO.N
RIC,BGIO.K
RIC,BGNE.OQ
RIC,BGNE.O
RIC,BGNE.P
RIC,BGR.AX
RIC,BGRstat.AX
RIC,BGR.CHA
RIC,BGRN.O
RIC,BGRN.OQ
RIC,BGRN.B
RIC,BGS.L
RIC,BGSl.TRE
RIC,BGS.AX
RIC,BGSF.K
RIC,BGSF.DY
RIC,BGSF.ZY
RIC,5108.MU
RIC,5108.SG
RIC,5108.BE
RIC,BGX.N
RIC,BGX.P
RIC,BGX
RIC,BGY.N
RIC,BGY
RIC,BGY.DF
RIC,BH.BK
RIC,BHss.BK
RIC,BHol.BK
RIC,BHB.C
RIC,BHB.MW
RIC,BHB.TH
RIC,BHBK.PH
RIC,BHBK.DY
RIC,BHBK.DF
RIC,BHC.C
RIC,BHC.MW
RIC,BHC.TH
RIC,BHE.C
RIC,BHE.MW
RIC,BHE.TH
RIC,BHF.OQ
RIC,BHF.O
RIC,BHF.B
RIC,BHGE.C
RIC,BHGE.MW
RIC,BHGE.TH
RIC,SIIC.SI
RIC,SIICbi.SI
RIC,SIICol.SI
RIC,BHLB.MW
RIC,BHLB.P
RIC,BHLB.N
RIC,BHP.AX
RIC,BHPstat.AX
RIC,BHP.CHA
RIC,BHR.CCP
RIC,BHR.CXC
RIC,BHR.OMG
RIC,BHTG.O
RIC,BHTG.OQ
RIC,BHTG.B
RIC,BHV.MW
RIC,BHV.TH
RIC,BHV.P
RIC,BHVN.K
RIC,BHVN.N
RIC,BHVN.B
RIC,BIB.O
RIC,BIB.OQ
RIC,BIB.DF
RIC,BIBL.K
RIC,BIBL.A
RIC,BIBL.P
RIC,BICK.O
RIC,BICK.OQ
RIC,BICK.DF
RIC,BID.C
RIC,BID.MW
RIC,BID.TH
RIC,BIDU.DF
RIC,BIDU.O
RIC,BIDU.C
RIC,BICP.BE
RIC,BICP.SG
RIC,BICP.F
RIC,BIG.BK
RIC,BIGva.BK
RIC,BIGss.BK
RIC,BIIB.OQ
RIC,BIIB.P
RIC,BIIB.MW
RIC,BIKR.N
RIC,BIKR.TH
RIC,BIKR.DY
RIC,BILG.BE
RIC,BILG.MU
RIC,BILG.SG
RIC,BILI.O
RIC,BILI.OQ
RIC,BILI.B
RIC,BIO.C
RIC,BIO.MW
RIC,BIO.TH
RIC,BIOb.C
RIC,BIOb.MW
RIC,BIOb.TH
RIC,BIOC.CA
RIC,BIOC.C
RIC,BIOC.OQ
RIC,BIOL.O
RIC,BIOL.DF
RIC,BIOL.C
RIC,BIOS.O
RIC,BIOS.DF
RIC,BIOS.C
RIC,VIBR.SI
RIC,VIBRol.SI
RIC,VIBRbi.SI
RIC,BIQI.O
RIC,BIQI.OQ
RIC,BIQI.DF
RIC,BIS.AX
RIC,BISstat.AX
RIC,BIS.CHA
RIC,BIT.AX
RIC,BITstat.AX
RIC,BIT.CHA
RIC,BITA.N
RIC,BITA.P
RIC,BITA.K
RIC,BIV.P
RIC,BIV
RIC,BIV.DF
RIC,LP40202415
RIC,BIZD.K
RIC,BIZD.DG
RIC,BJ
RIC,BJ.N
RIC,BJ.B
RIC,BJKG.BE
RIC,BJK
RIC,BJK.DF
RIC,BJRI.OQ
RIC,BJRI.P
RIC,BJRI.C
RIC,BJUL.K
RIC,BJUL.C
RIC,BJUL.B
RIC,BK.C
RIC,BK.MW
RIC,BK.TH
RIC,BKC.HN
RIC,BKCf.HN
RIC,BKC
RIC,BKCC.O
RIC,BKCC.OQ
RIC,BKCC.DF
RIC,BRKR.BE
RIC,BRKR.F
RIC,BRKR.DEU
RIC,BKE.MW
RIC,BKE.TH
RIC,BKE.P
RIC,BKEP.O
RIC,BKEP.OQ
RIC,BKEP.C
RIC,BKF.DF
RIC,BKF.P
RIC,BKF
RIC,BKH.C
RIC,BKH.MW
RIC,BKH.TH
RIC,BKI.BK
RIC,BKIol.BK
RIC,BKIva.BK
RIC,EAT.F
RIC,EAT.DEU
RIC,EAT.SG
RIC,BKK.MW
RIC,BKK.TH
RIC,BKK.P
RIC,BKLN.P
RIC,BKLN.C
RIC,BKLN.MW
RIC,BNS.BE
RIC,BNS.MU
RIC,BNS.F
RIC,BKNG.OQ
RIC,BKNG.P
RIC,BKNG.MW
RIC,BKS.C
RIC,BKS.MW
RIC,BKS.TH
RIC,BKSC.OQ
RIC,BKSC.C
RIC,BKSC.P
RIC,BKT.MC
RIC,BKTEUR.xbo
RIC,BKTss.MC
RIC,BKTI.K
RIC,BKTI.A
RIC,BKTI.P
RIC,BKU.N
RIC,BKU.P
RIC,BKU
RIC,BKYI.O
RIC,BKYI.OQ
RIC,BKYI.B
RIC,BL.TN
RIC,BL.O
RIC,BL.OQ
RIC,BLBDF.BY
RIC,BLBDq.L
RIC,BLBDl.TRE
RIC,BLCM.O
RIC,BLCM.MW
RIC,BLCM.OQ
RIC,BLCN.BEL
RIC,BLCN.DY
RIC,BLCN.ZY
RIC,BLND.BE
RIC,BLND.F
RIC,BLND.DEU
RIC,BLDP.OQ
RIC,BLDP.P
RIC,BLDP.MW
RIC,BLDR.DF
RIC,BLDR.O
RIC,BLDR.OQ
RIC,BLE.MW
RIC,BLE.TH
RIC,BLE.P
RIC,LP40218872
RIC,BLES.K
RIC,BLES.P
RIC,BLFS.O
RIC,BLFS.Z
RIC,BLFS.MW
RIC,LP40217692
RIC,BLHY.K
RIC,BLHY.P
RIC,BLIN.S
RIC,BLIN.OQ
RIC,BLIN.O
RIC,BLK.C
RIC,BLK.MW
RIC,BLK.TH
RIC,BLKB.OQ
RIC,BLKB.P
RIC,BLKB.C
RIC,PSLL.SI
RIC,PSLLol.SI
RIC,PSLLbi.SI
RIC,BLMN.O
RIC,BLMN.DF
RIC,BLMN.Z
RIC,BLMT.OQ
RIC,BLMT.O
RIC,BLMT.DF
RIC,BLNK.O
RIC,BLNK.OQ
RIC,BLNK.B
RIC,BLOK.V
RIC,BLOK.GO
RIC,BLOK.ALP
RIC,BLPH.B
RIC,BLPH.MW
RIC,BLPH.O
RIC,BLRX.TA
RIC,BLRX.OQ
RIC,BLRX.O
RIC,BLUI.CY
RIC,BLUE.O
RIC,BLUE.OQ
RIC,BLW.MW
RIC,BLW.TH
RIC,BLW.P
RIC,BLX.C
RIC,BLX.MW
RIC,BLX.TH
RIC,BYGG.OL
RIC,BYGGol.OLp
RIC,BMA.TH
RIC,BMCH.B
RIC,BMCH.P
RIC,BMCH.C
RIC,1000.BE
RIC,1000.MU
RIC,1000.F
RIC,BMIu.F
RIC,BMIu.BE
RIC,BMIu.MU
RIC,BMLP.O
RIC,BMLP.OQ
RIC,BMLP.B
RIC,BMOG.SG
RIC,BMOG.F
RIC,BMOG.DEU
RIC,BMRA.O
RIC,BMRA.OQ
RIC,BMRA.B
RIC,BMRC.OQ
RIC,BMRC.C
RIC,BMRC.P
RIC,BMRN.OQ
RIC,BMRN.P
RIC,BMRN.C
RIC,BRMS.L
RIC,BMSl.TRE
RIC,BMS.C
RIC,BMTC.OQ
RIC,BMTC.P
RIC,BMTC.C
RIC,BMY.C
RIC,BMY.MW
RIC,BMY.TH
RIC,BNCL.OQ
RIC,BNCL.O
RIC,BNCL.DF
RIC,BZDK.PA
RIC,BND.OQ
RIC,BND.O
RIC,LP40217487
RIC,BNDC.K
RIC,BNDC.P
RIC,BNDW.O
RIC,BNDW.OQ
RIC,BNDW.B
RIC,LP40204392
RIC,BNDX.B
RIC,BNDX.P
RIC,BNED.B
RIC,BNED.K
RIC,BNED.MW
RIC,BNFT.B
RIC,BNFT.OQ
RIC,BNFT.P
RIC,BNGO.O
RIC,BNGO.OQ
RIC,BNGO.B
RIC,BNO.AX
RIC,BNOstat.AX
RIC,BNO.CHA
RIC,BNS.MW
RIC,BNS.TH
RIC,BNS.P
RIC,BNSO.OQ
RIC,BNSO.P
RIC,BNSO.C
RIC,BNTC.O
RIC,BNTC.MW
RIC,BNTC.DF
RIC,BNY.MW
RIC,BNY.TH
RIC,BNY.P
RIC,BOCH.OQ
RIC,BOCH.P
RIC,BOCH.C
RIC,BOCT.K
RIC,BOCT.A
RIC,BOCT.C
RIC,BOEB.L
RIC,BCOf.TRE
RIC,BOE.N
RIC,BOH.C
RIC,BOH.MW
RIC,BOH.TH
RIC,BOIL.L
RIC,BOILl.TRE
RIC,BOIL.P
RIC,BOJA.O
RIC,BOJA.MW
RIC,BOJA.DY
RIC,BOKF.OQ
RIC,BOKF.P
RIC,BOKF.C
RIC,BOLD.O
RIC,BOLD.OQ
RIC,BOLD.B
RIC,BOM.P
RIC,BOM.DF
RIC,BOM
RIC,BOMN.O
RIC,BOMN.OQ
RIC,BOMN.B
RIC,LP40197203
RIC,LP68163617
RIC,BOND.K
RIC,BOOM.OQ
RIC,BOOM.C
RIC,BOOM.P
RIC,BOON.K
RIC,BOON.P
RIC,BOON.TH
RIC,BOOT.L
RIC,BOOTl.TRE
RIC,BOOT.K
RIC,BORN.N
RIC,BORN.P
RIC,BORN.K
RIC,BOS.TO
RIC,BOS.GO
RIC,BOS.ALP
RIC,BOSC.OQ
RIC,BOSC.P
RIC,BOSC.C
RIC,BOSSn.H
RIC,BOSSn.MU
RIC,BOSSn.SG
RIC,BOTJ.O
RIC,BOTJ.B
RIC,BOTJ.C
RIC,LP40216707
RIC,BOTZ.O
RIC,BOTZ.C
RIC,BOUT.K
RIC,BOUT.P
RIC,BOUT.TH
RIC,BDX.BE
RIC,BDX.MU
RIC,BDX.F
RIC,BOXL.O
RIC,BOXL.OQ
RIC,BOXL.B
RIC,BP.S
RIC,BP.C
RIC,BP.MW
RIC,BPFH.OQ
RIC,BPFH.P
RIC,BPFH.C
RIC,BBPI.BN
RIC,BPI.PS
RIC,BPIol.PS
RIC,BPL.MW
RIC,BPL.TH
RIC,BPL.P
RIC,BPMC.O
RIC,BPMC.DF
RIC,BPMC.B
RIC,BPMP.K
RIC,BPMP.N
RIC,BPMP.B
RIC,BPMX.K
RIC,BPMX.A
RIC,BPMX.DY
RIC,BPOP.OQ
RIC,BPOP.P
RIC,BPOP.C
RIC,BPR.TR
RIC,BPR.OQ
RIC,BPR.O
RIC,BPRN.O
RIC,BPRN.OQ
RIC,BPRN.B
RIC,BPT.C
RIC,BPT.MW
RIC,BPT.TH
RIC,BPTH.O
RIC,BPTH.OQ
RIC,BPTH.PH
RIC,BPY.MW
RIC,BPY.O
RIC,BPY.PH
RIC,BQH.MW
RIC,BQH.TH
RIC,BQH.P
RIC,BR.TO
RIC,BR.GO
RIC,BR.ALP
RIC,BRAC.OQ
RIC,BRAC.O
RIC,BRAC.A
RIC,BRACR.OQ
RIC,BRACR.O
RIC,BRACR.A
RIC,BRACU.O
RIC,BRACU.OQ
RIC,BRACU.B
RIC,BRC.TH
RIC,BRC.P
RIC,BRC.MW
RIC,BREW.OQ
RIC,BREW.P
RIC,BREW.C
RIC,BRFG.DEU
RIC,BRFG.F
RIC,BRFG.H
RIC,BRFS.C
RIC,BRFS.MW
RIC,BRFS.TH
RIC,BRG.AX
RIC,BRGstat.AX
RIC,BRG.CHA
RIC,BRGL.K
RIC,BRGL.C
RIC,BRGL.B
RIC,BRID.OQ
RIC,BRID.P
RIC,BRID.C
RIC,BRKa.MW
RIC,BRKa.TH
RIC,BRKa.P
RIC,BRKb.MW
RIC,BRKb.TH
RIC,BRKb.P
RIC,BRKL.OQ
RIC,BRKL.P
RIC,BRKL.C
RIC,BRKR.OQ
RIC,BRKR.P
RIC,BRKR.C
RIC,BRKS.OQ
RIC,BRKS.P
RIC,BRKS.C
RIC,4779.F
RIC,4779.DEU
RIC,BRN.C
RIC,BRO.C
RIC,BRO.MW
RIC,BRO.TH
RIC,BRPA.OQ
RIC,BRPA.O
RIC,BRPA.A
RIC,BRPAR.OQ
RIC,BRPAR.O
RIC,BRPAR.A
RIC,BRPAU.OQ
RIC,BRPAU.O
RIC,BRPAU.A
RIC,BRQS.OQ
RIC,BRQS.O
RIC,BRQS.P
RIC,BRS.MW
RIC,BRS.TH
RIC,BRS.P
RIC,BRSS.K
RIC,BRSS.C
RIC,BRSS.B
RIC,BRT.C
RIC,BRT.MW
RIC,BRT.TH
RIC,BRX.C
RIC,BRX.MW
RIC,BRX.DF
RIC,BRDY.L
RIC,BRYl.TRE
RIC,BRY.TO
RIC,LP40203107
RIC,BRZU.DY
RIC,BRZU.Z
RIC,BSAC.C
RIC,BSAC.MW
RIC,BSAC.TH
RIC,BSAE.K
RIC,BSAE.A
RIC,BSAE.C
RIC,BSBE.K
RIC,BSBE.A
RIC,BSBE.C
RIC,BSBR.N
RIC,BSBR.K
RIC,BSBR.P
RIC,BSCE.K
RIC,BSCE.A
RIC,BSCE.C
RIC,LP40197634
RIC,BSCJ.DG
RIC,BSCJ.K
RIC,LP40197635
RIC,BSCK.C
RIC,BSCK.K
RIC,LP40204458
RIC,BSCM.DG
RIC,BSCM.P
RIC,LP40209541
RIC,BSCN.ZY
RIC,BSCN.PH
RIC,LP40209542
RIC,BSCO.DG
RIC,BSCO.P
RIC,LP40213625
RIC,BSCP.TH
RIC,BSCP.K
RIC,LP40216725
RIC,BSCQ.K
RIC,BSCQ.P
RIC,BSCR.K
RIC,BSCR.DF
RIC,BSCR.Z
RIC,BSCS.K
RIC,BSCS.P
RIC,BSCS.TH
RIC,BSDB.L
RIC,BSDl.TRE
RIC,BDRP.PA
RIC,BSDEc.JK
RIC,BSDEn.JK
RIC,BSDE.JK
RIC,BSE.MW
RIC,BSE.TH
RIC,BSE.P
RIC,BSET.OQ
RIC,BSET.P
RIC,BSET.C
RIC,BSGM.O
RIC,BSGM.OQ
RIC,BSGM.B
RIC,BSIG.K
RIC,BSIG.DF
RIC,BSIG.P
RIC,LP40204846
RIC,BSJJ.Z
RIC,BSJJ.DG
RIC,LP40204847
RIC,BSJK.B
RIC,BSJK.Z
RIC,LP40209539
RIC,BSJL.DY
RIC,BSJL.ZY
RIC,LP40209540
RIC,BSJM.B
RIC,BSJM.DG
RIC,LP40213626
RIC,BSJN.K
RIC,BSJN.DF
RIC,LP40216724
RIC,BSJO.K
RIC,BSJO.P
RIC,BSJP.B
RIC,BSJP.PH
RIC,BSJP.P
RIC,BSJQ.K
RIC,BSJQ.P
RIC,BSJQ.TH
RIC,RAFG.SI
RIC,RAFGol.SI
RIC,RAFGbi.SI
RIC,BSM.AX
RIC,BSMstat.AX
RIC,BSM.CHA
RIC,BSMX.P
RIC,BSMX.Z
RIC,BSMX.B
RIC,BSQR.OQ
RIC,BSQR.P
RIC,BSQR.C
RIC,BSRR.OQ
RIC,BSRR.P
RIC,BSRR.C
RIC,BSTP.WA
RIC,BST.HN
RIC,BSTf.HN
RIC,BSTC.O
RIC,BSTC.DF
RIC,BSTC.C
RIC,BSTI.K
RIC,BSTI.N
RIC,BSTI.B
RIC,BSV.L
RIC,BSVl.TRE
RIC,BSV.P
RIC,BSVN.O
RIC,BSVN.OQ
RIC,BSVN.A
RIC,BSXU.BE
RIC,BSXU.MU
RIC,BSXU.SG
RIC,BT.C
RIC,BT.MW
RIC,BT.N
RIC,BTA
RIC,BTA.N
RIC,BTA.P
RIC,BTAI.O
RIC,BTAI.OQ
RIC,BTAI.B
RIC,BTAL.P
RIC,BTAL.C
RIC,BTAL.MW
RIC,BTE
RIC,BTE.TO
RIC,BTE.N
RIC,LP40216464
RIC,BTEC.EI
RIC,BTEC.P
RIC,HGMM.SI
RIC,HGMMol.SI
RIC,HGMMbi.SI
RIC,BTIJ.J
RIC,BTI.C
RIC,BTI.MW
RIC,BTN.MX
RIC,BTN.BIV
RIC,BTN.MCO
RIC,BTOG.BE
RIC,BTO.MW
RIC,BTO.TH
RIC,BTT.V
RIC,BTT.GO
RIC,BTT.ALP
RIC,BTUG.SG
RIC,BTUG.D
RIC,BTU.V
RIC,BTX
RIC,BTX.A
RIC,BTX.C
RIC,BTZ
RIC,BTZ.N
RIC,BTZ.P
RIC,BUD.AX
RIC,BUDstat.AX
RIC,BUD.CHA
RIC,BUI.BK
RIC,BUIol.BK
RIC,BUIva.BK
RIC,BURG.KW
RIC,BURG.O
RIC,BURG.OQ
RIC,BURL.B
RIC,BURL.P
RIC,BURL.ZY
RIC,BUSE.OQ
RIC,BUSE.P
RIC,BUSE.C
RIC,BBY.MU
RIC,BBY.SG
RIC,BBY.BE
RIC,BUYN.K
RIC,BUYN.A
RIC,BUYN.C
RIC,LP40215536
RIC,BUZ
RIC,BUZ.P
RIC,BV
RIC,BV.NB
RIC,BV.BAT
RIC,LP40220795
RIC,BVAL.K
RIC,BVAL.P
RIC,BVN.LM
RIC,BVN.C
RIC,BVN.MW
RIC,BVSN.O
RIC,BVSN.DF
RIC,BVSN.OQ
RIC,BVXV.B
RIC,BVXV.O
RIC,BVXV.DF
RIC,BW
RIC,BW.P
RIC,BW.DG
RIC,BWA.C
RIC,BWA.MW
RIC,BWA.TH
RIC,BLMG.H
RIC,BLMG.MU
RIC,BLMG.SG
RIC,BWEN.O
RIC,BWEN.DF
RIC,BWEN.C
RIC,BWFG.O
RIC,BWFG.DY
RIC,BWFG.PH
RIC,BWG.BK
RIC,BWGol.BK
RIC,BWGva.BK
RIC,BWLa.C
RIC,BWLa.MW
RIC,BWLa.TH
RIC,BWMC.OQ
RIC,BWMC.O
RIC,BWMC.A
RIC,BWMCU.O
RIC,BWMCU.OQ
RIC,BWMCU.B
RIC,BWX
RIC,BWX.P
RIC,BWX.DF
RIC,BWXT.N
RIC,BWXT.P
RIC,BWXT.K
RIC,BWZ.P
RIC,BWZ
RIC,BWZ.DF
RIC,BX.N
RIC,BX
RIC,BX.DF
RIC,BXC.N
RIC,BXC
RIC,BXC.P
RIC,CDWH.SI
RIC,CDWHol.SI
RIC,CDWHbi.SI
RIC,BXG.N
RIC,BXG
RIC,BXG.A
RIC,BXMT.MW
RIC,BXMT.TH
RIC,BXMT.P
RIC,BXMX.N
RIC,BXMX.K
RIC,BXMX.P
RIC,BXP.TH
RIC,BXP.P
RIC,BXP.MW
RIC,BXS.C
RIC,BXS.MW
RIC,BXS.TH
RIC,BY
RIC,BY.N
RIC,BY.B
RIC,BYD.C
RIC,BYD.MW
RIC,BYD.TH
RIC,BYFC.OQ
RIC,BYFC.C
RIC,BYFC.P
RIC,LP40207441
RIC,BYLD.Z
RIC,BYLD.P
RIC,BYM.MW
RIC,BYM.TH
RIC,BYM.P
RIC,BYSI.O
RIC,BYSI.OQ
RIC,BYSI.B
RIC,BZF.DF
RIC,BZF
RIC,BZF.P
RIC,BZH.C
RIC,BZH.MW
RIC,BZH.TH
RIC,BZM.MW
RIC,BZM.TH
RIC,BZM.P
RIC,BZQ.B
RIC,BZQ.P
RIC,BZQ
RIC,BZUN.DF
RIC,BZUN.O
RIC,BZUN.OQ
RIC,C.LM
RIC,C.C
RIC,C.MW
RIC,CAAP.N
RIC,CAAP.K
RIC,CAAP.A
RIC,CAAS.OQ
RIC,CAAS.C
RIC,CAAS.P
RIC,CABO.K
RIC,CABO.DF
RIC,CABO.N
RIC,CAC.PA
RIC,CACEUR.xbo
RIC,CAC.C
RIC,CACC.OQ
RIC,CACC.P
RIC,CACC.C
RIC,LP40220119
RIC,CACG.O
RIC,CACG.OQ
RIC,CACI.C
RIC,CACI.MW
RIC,CACI.TH
RIC,CADC.O
RIC,CADC.DF
RIC,CADC.C
RIC,CAE.MW
RIC,CAE.TH
RIC,CAE.P
RIC,CAIF.PA
RIC,CAF.AX
RIC,CAFstat.AX
RIC,CAG.C
RIC,CAG.MW
RIC,CAG.TH
RIC,CAH.C
RIC,CAH.MW
RIC,CAH.TH
RIC,CM.BE
RIC,CM.MU
RIC,CM.F
RIC,CASP.BE
RIC,CASP.MU
RIC,CASP.SG
RIC,CAKE.OQ
RIC,CAKE.P
RIC,CAKE.MW
RIC,CAL.TO
RIC,CAL.GO
RIC,CAL.ALP
RIC,CALA.O
RIC,CALA.OQ
RIC,CALA.B
RIC,LP40220843
RIC,CALF.K
RIC,CALF.C
RIC,CALM.OQ
RIC,CALM.P
RIC,CALM.C
RIC,CALX.N
RIC,CALX.P
RIC,CALX.K
RIC,CAMP.OQ
RIC,CAMP.P
RIC,CAMP.C
RIC,CAMT.OQ
RIC,CAMT.P
RIC,CAMT.C
RIC,CANE.P
RIC,CANE.C
RIC,CANE.MW
RIC,CANF.TA
RIC,CANF.K
RIC,CANF.B
RIC,CANG.N
RIC,CANG.NB
RIC,CANG.EI
RIC,CAPE.B
RIC,CAPE.C
RIC,CAPE.TH
RIC,CAPL.DG
RIC,CAPL.K
RIC,CAPL.B
RIC,CAPR.O
RIC,CAPR.MW
RIC,CAPR.DY
RIC,C1Y.L
RIC,CARl.TRE
RIC,CARR.BE
RIC,CARA.B
RIC,CARA.P
RIC,CARA.DG
RIC,CARB.NR
RIC,CARB.L
RIC,CARPl.TRE
RIC,CGKE.NR
RIC,CARG.O
RIC,CARG.OQ
RIC,CARO.O
RIC,CARO.C
RIC,CARO.DY
RIC,CARS.JK
RIC,CARSc.JK
RIC,CARSn.JK
RIC,CART.SG
RIC,CART.MU
RIC,CART.DF
RIC,CARV.C
RIC,CARV.MW
RIC,CARV.P
RIC,CARZ.O
RIC,CARZ.OQ
RIC,CARZ.C
RIC,CASA.BE
RIC,CASA.V
RIC,CASA.GO
RIC,CASH.OQ
RIC,CASH.P
RIC,CASH.C
RIC,CASI.OQ
RIC,CASI.P
RIC,CASI.C
RIC,CASM.O
RIC,CASM.OQ
RIC,CASM.DF
RIC,CASS.OQ
RIC,CASS.P
RIC,CASS.C
RIC,CASY.OQ
RIC,CASY.P
RIC,CASY.C
RIC,CAT.S
RIC,CAT.C
RIC,CAT.MW
RIC,CATB.OQ
RIC,CATB.O
RIC,CATB.DY
RIC,CATC.O
RIC,CATC.OQ
RIC,CATC.B
RIC,LP40215537
RIC,CATH.O
RIC,CATH.OQ
RIC,CATM.DF
RIC,CATM.O
RIC,CATM.OQ
RIC,CATO.C
RIC,CATO.MW
RIC,CATO.TH
RIC,CATS.O
RIC,CATS.OQ
RIC,CATS.B
RIC,CATY.OQ
RIC,CATY.P
RIC,CATY.C
RIC,CAW.MW
RIC,CAW.TH
RIC,CAW.P
RIC,CB.C
RIC,CB.MW
RIC,CB.TH
RIC,CBAN.OQ
RIC,CBAN.P
RIC,CBAN.C
RIC,CBAT.O
RIC,CBAT.DF
RIC,CBAT.OQ
RIC,CBAY.O
RIC,CBAY.DG
RIC,CBAY.Z
RIC,CBB.MW
RIC,CBB.TH
RIC,CBB.P
RIC,CBD.MW
RIC,CBD.TH
RIC,CBD.P
RIC,CBFV.O
RIC,CBFV.OQ
RIC,CBFV.DF
RIC,CBRH.CY
RIC,CBH.TO
RIC,CBH.GO
RIC,CBIO.O
RIC,CBIO.DF
RIC,CBIO.OQ
RIC,CBKG.BE
RIC,CBKG.HA
RIC,CBKG.H
RIC,CBL.C
RIC,CBL.MW
RIC,CBL.TH
RIC,CBLI.O
RIC,CBLI.OQ
RIC,CBLI.DF
RIC,CBLK.O
RIC,CBLK.OQ
RIC,CBLK.B
RIC,CBM.C
RIC,CBM.MW
RIC,CBM.TH
RIC,CBMB.DF
RIC,CBMB.DY
RIC,CBMB.P
RIC,CBMG.O
RIC,CBMG.DG
RIC,CBMG.OQ
RIC,CBND.P
RIC,CBND.C
RIC,CBND.MW
RIC,CBNK.O
RIC,CBNK.OQ
RIC,CBNK.B
RIC,CBOE.Z
RIC,CBOE.DF
RIC,CBOE.C
RIC,LP40209939
RIC,CBON.TH
RIC,CBON.B
RIC,CBPO.O
RIC,CBPO.OQ
RIC,CBPO.DF
RIC,CBPX.B
RIC,CBPX.DY
RIC,CBPX.TH
RIC,CBRE.MW
RIC,CBRE.TH
RIC,CBRE.P
RIC,CBRL.OQ
RIC,CBRL.P
RIC,CBRL.C
RIC,CBS.MU
RIC,CBS.SG
RIC,CBS.F
RIC,CBSa.C
RIC,CBSa.MW
RIC,CBSa.TH
RIC,CBSH.OQ
RIC,CBSH.P
RIC,CBSH.C
RIC,CBT.BE
RIC,CBT.MU
RIC,CBT.C
RIC,CBTX.O
RIC,CBTX.OQ
RIC,CBTX.B
RIC,CBU.TH
RIC,CBU.P
RIC,CBU.N
RIC,CAA.BE
RIC,CAA.F
RIC,CAA.DEU
RIC,CC.TN
RIC,CC.B
RIC,CC
RIC,CCA.TO
RIC,CCA.GO
RIC,CCA.ALP
RIC,CYCB.KL
RIC,CYCBbi.KL
RIC,CYCBol.KL
RIC,CCBG.OQ
RIC,CCBG.P
RIC,CCBG.C
RIC,CCC.L
RIC,CCCGBP.xbo
RIC,CCCl.TRE
RIC,CCON.NS
RIC,CCONau.NS
RIC,CCONol.NS
RIC,CCD.V
RIC,CCD.GO
RIC,CCD.ALP
RIC,CCEP.C
RIC,CCEP.MW
RIC,CCEP.TH
RIC,CCF.MW
RIC,CCF.TH
RIC,CCF.P
RIC,CCH.L
RIC,CCHGBP.xbo
RIC,CCHl.TRE
RIC,CCI.C
RIC,CCI.MW
RIC,CCI.TH
RIC,CCIH.O
RIC,CCIH.OQ
RIC,CCIH.DF
RIC,CCJ.MW
RIC,CCJ.TH
RIC,CCJ.P
RIC,CCKH.KL
RIC,CCKHbi.KL
RIC,CCKHol.KL
RIC,CCL.TH
RIC,CCL.P
RIC,CCL.MW
RIC,CCLP.OQ
RIC,CCLP.DF
RIC,CCLP.MW
RIC,CLMS.KL
RIC,CLMSbi.KL
RIC,CLMSol.KL
RIC,CCMP.OQ
RIC,CCMP.P
RIC,CCMP.MW
RIC,CCNE.OQ
RIC,CCNE.P
RIC,CCNE.C
RIC,CCNI.O
RIC,CCNI.OQ
RIC,CCNI.B
RIC,0217.F
RIC,0217.DEU
RIC,CCO.TO
RIC,CCOI.MW
RIC,CCOI.P
RIC,CCOI.OQ
RIC,GCC.L
RIC,GCCi.TRE
RIC,CCR.CR
RIC,CCRC.OQ
RIC,CCRC.P
RIC,CCRC.PH
RIC,CCRN.OQ
RIC,CCRN.P
RIC,CCRN.C
RIC,CCS.WA
RIC,CCS.N
RIC,CCS.C
RIC,CCU.C
RIC,CCU.MW
RIC,CCU.TH
RIC,CCXI.B
RIC,CCXI.C
RIC,CCXI.DF
RIC,CDAY.TO
RIC,CDAY.GO
RIC,CDAY.ALP
RIC,CDC.PS
RIC,CDCol.PS
RIC,CDC.V
RIC,CYDM.BE
RIC,CYDM.F
RIC,CYDM.MU
RIC,CDEV.TA
RIC,CDEV.B
RIC,CDEV.PH
RIC,CDK.DF
RIC,CDK.MW
RIC,CDK.NB
RIC,CHAN.DEU
RIC,CHAN.F
RIC,CHAN.BE
RIC,CDLX.O
RIC,CDLX.OQ
RIC,CDLX.B
RIC,CDMO.OQ
RIC,CDMO.C
RIC,CDMO.P
RIC,CDNA.O
RIC,CDNA.C
RIC,CDNA.Z
RIC,CDNS.C
RIC,CDNS.MW
RIC,CDNS.P
RIC,CDOR.K
RIC,CDOR.DF
RIC,CDOR.C
RIC,CDR.MW
RIC,CDR.TH
RIC,CDR.P
RIC,CDTX.DF
RIC,CDTX.O
RIC,CDTX.PH
RIC,CDW.C
RIC,CDW.OQ
RIC,CDW.O
RIC,CDXC.O
RIC,CDXC.ZY
RIC,CDXC.NB
RIC,CDXS.O
RIC,CDXS.OQ
RIC,CDXS.DF
RIC,CDZI.DF
RIC,CDZI.C
RIC,CDZI.O
RIC,CE.N
RIC,CE
RIC,CE.MW
RIC,CEAG.BE
RIC,CEAG.H
RIC,CEAG.MU
RIC,CECE.OQ
RIC,CECE.C
RIC,CECE.P
RIC,CECO.OQ
RIC,CECO.P
RIC,CECO.MW
RIC,CITI.SI
RIC,CITIol.SI
RIC,CITIbi.SI
RIC,CEF.C
RIC,CEF.MW
RIC,CEF.TH
RIC,CEFL.DF
RIC,CEFL.PH
RIC,CEFL.Z
RIC,LP40219240
RIC,CEFS.K
RIC,CEFS.C
RIC,CLB.BE
RIC,CLB.F
RIC,CLB.SG
RIC,CEIX.N
RIC,CEIX.K
RIC,CEIX.A
RIC,CEL.N
RIC,CEL
RIC,CEL.P
RIC,CELC.O
RIC,CELC.OQ
RIC,CELC.B
RIC,CELG.OQ
RIC,CELG.P
RIC,CELG.MW
RIC,CELGZ.O
RIC,CELGZ.OQ
RIC,CELGZ.DF
RIC,CELH.O
RIC,CELH.OQ
RIC,CELH.B
RIC,CELP.DF
RIC,CELP.K
RIC,CELP.DG
RIC,CEMI.MI
RIC,CEMIEUR.xbo
RIC,IDG.SN
RIC,LP40197899
RIC,CEMB.K
RIC,CEMB.DF
RIC,CEMI.DEU
RIC,CEMI.O
RIC,CEMI.B
RIC,CEN.BK
RIC,CENol.BK
RIC,CENva.BK
RIC,CENT.JK
RIC,CENTc.JK
RIC,CENTn.JK
RIC,CENTA.OQ
RIC,CENTA.O
RIC,CENTA.DF
RIC,CENX.OQ
RIC,CENX.P
RIC,CENX.C
RIC,CEO.MW
RIC,CEO.TH
RIC,CEO.P
RIC,CEPU.N
RIC,CEPU.K
RIC,CEPU.A
RIC,CEQP.N
RIC,CEQP.P
RIC,CEQP.C
RIC,CERC.BEL
RIC,CERC.DF
RIC,CERC.O
RIC,CERN.OQ
RIC,CERN.P
RIC,CERN.MW
RIC,CERS.OQ
RIC,CERS.P
RIC,CERS.C
RIC,CET.C
RIC,CET.MW
RIC,CET.TH
RIC,CETV.OQ
RIC,CETV.P
RIC,CETV.C
RIC,CETX.O
RIC,CETX.OQ
RIC,CETX.MW
RIC,CEVG.BE
RIC,CEVG.H
RIC,CEVG.MU
RIC,CEVA.OQ
RIC,CEVA.P
RIC,CEVA.C
RIC,CEW.TO
RIC,CEW.GO
RIC,CEW.ALP
RIC,CEY.L
RIC,CEYGBP.xbo
RIC,CEYl.TRE
RIC,CEZP.PR
RIC,CEZP.BE
RIC,CEZP.MU
RIC,CF.TO
RIC,CF.GO
RIC,CF.ALP
RIC,LP40208160
RIC,CFA.B
RIC,CFA.C
RIC,CFBI.O
RIC,CFBI.OQ
RIC,CFBI.B
RIC,CFBK.OQ
RIC,CFBK.C
RIC,CFBK.P
RIC,CFFAU.OQ
RIC,CFFAU.O
RIC,CFFAU.A
RIC,CFFI.OQ
RIC,CFFI.P
RIC,CFFI.C
RIC,CFFN.OQ
RIC,CFFN.P
RIC,CFFN.C
RIC,CFG
RIC,CFG.DG
RIC,CFG.P
RIC,CFMS.O
RIC,CFMS.DG
RIC,CFMS.ZY
RIC,CFOG.DEU
RIC,CFOG.F
RIC,LP40208161
RIC,CFR.S
RIC,CFRCHF.xbo
RIC,CFR.C
RIC,CFRX.DG
RIC,CFRX.Z
RIC,CFRX.OQ
RIC,CFX.L
RIC,CFXl.TRE
RIC,COF.MU
RIC,CG.TO
RIC,CG.GO
RIC,CG.ALP
RIC,CGA.AX
RIC,CGAstat.AX
RIC,CGA.CHA
RIC,CGBD.O
RIC,CGBD.OQ
RIC,CGBD.B
RIC,CGCK.KW
RIC,CGC
RIC,CGC.N
RIC,CGEN.TA
RIC,CGEN.OQ
RIC,CGEN.P
RIC,CGIX.O
RIC,CGIX.DG
RIC,CGIX.P
RIC,CGNX.OQ
RIC,CGNX.P
RIC,CGNX.C
RIC,CGO.AX
RIC,CGOstat.AX
RIC,CGO.CHA
RIC,CHLV.L
RIC,CGWl.TRE
RIC,CGW
RIC,0682.F
RIC,0682.MU
RIC,0682.SG
RIC,LP40212208
RIC,CHAD.DY
RIC,CHAD.K
RIC,CHAP.K
RIC,CHAP.C
RIC,CHAP.A
RIC,LP40211495
RIC,CHAU.TH
RIC,CHAU.K
RIC,CHCI.DF
RIC,CHCI.O
RIC,CHCI.OQ
RIC,CHCO.OQ
RIC,CHCO.P
RIC,CHCO.C
RIC,CHCT.B
RIC,CHCT.K
RIC,CHCT.MW
RIC,0445.BE
RIC,CHD.C
RIC,CHD.MW
RIC,CHDN.OQ
RIC,CHDN.P
RIC,CHDN.C
RIC,CHE.C
RIC,CHE.MW
RIC,CHE.TH
RIC,CHEF.O
RIC,CHEF.OQ
RIC,CHEF.MW
RIC,CHEK.DF
RIC,CHEK.B
RIC,CHEK.OQ
RIC,CHEP.RTS
RIC,CHEP.MM
RIC,CHEP.MMS
RIC,CHFC.OQ
RIC,CHFC.P
RIC,CHFC.C
RIC,CHFS.MW
RIC,CHFS.Z
RIC,CHFS.PH
RIC,CHGG.K
RIC,CHGG.DF
RIC,CHGG.N
RIC,CHHG.BE
RIC,CHHG.MU
RIC,CHHG.SG
RIC,CHI.MW
RIC,CHI.P
RIC,CHI.OQ
RIC,CHIC.C
RIC,CHIC.MW
RIC,CHIC.P
RIC,.CHIE
RIC,CHIE.P
RIC,CHIE.C
RIC,CHIH.K
RIC,CHIH.A
RIC,CHIH.C
RIC,.CHII
RIC,CHII.K
RIC,CHII.DF
RIC,CHIK.K
RIC,CHIK.A
RIC,CHIK.C
RIC,CHIL.K
RIC,CHIL.A
RIC,CHIL.C
RIC,CHIM.P
RIC,CHIM.C
RIC,CHIM.MW
RIC,.CHIQ
RIC,CHIQ.DF
RIC,CHIQ.C
RIC,CHIR.K
RIC,CHIR.A
RIC,CHIR.C
RIC,CHIS.K
RIC,CHIS.A
RIC,CHIS.C
RIC,CHIU.K
RIC,CHIU.A
RIC,CHIU.C
RIC,CHIX.C
RIC,CHIX.MW
RIC,CHIX.TH
RIC,0291.BE
RIC,0291.MU
RIC,0291.SG
RIC,CHKE.OQ
RIC,CHKE.P
RIC,CHKE.C
RIC,CHKP.OQ
RIC,CHKP.P
RIC,CHKP.MW
RIC,CHKR.N
RIC,CHKR.P
RIC,CHKR.K
RIC,2628.F
RIC,2628.BE
RIC,2628.MU
RIC,CHMA.B
RIC,CHMA.Z
RIC,CHMA.ZY
RIC,CHMG.O
RIC,CHMG.PH
RIC,CHMG.C
RIC,CHMI.C
RIC,CHMI.DG
RIC,CHMI.MW
RIC,CHN.BE
RIC,CHN.MW
RIC,CHN.TH
RIC,CHNA.L
RIC,CHNA.S
RIC,CHNA.MI
RIC,CHNR.O
RIC,CHNR.DF
RIC,CHNR.OQ
RIC,CHRA.N
RIC,CHRA.K
RIC,CHRA.A
RIC,CHRS.O
RIC,CHRS.DF
RIC,CHRS.DY
RIC,CHRW.OQ
RIC,CHRW.P
RIC,CHRW.C
RIC,CHS.C
RIC,CHS.MW
RIC,CHS.TH
RIC,CHSP.N
RIC,CHSP.P
RIC,CHSP.K
RIC,0941.S
RIC,CHT.N
RIC,CHT
RIC,CHTR.O
RIC,CHTR.OQ
RIC,CHTR.DF
RIC,0386.F
RIC,0386.MU
RIC,0386.SG
RIC,CHUY.O
RIC,CHUY.OQ
RIC,CHUY.MW
RIC,CHW.TO
RIC,CHW.GO
RIC,CHW.ALP
RIC,CHY.MW
RIC,CHY.P
RIC,CHY.OQ
RIC,CI.BK
RIC,CIol.BK
RIC,CIva.BK
RIC,CEAy.BE
RIC,CEAy.MU
RIC,CEAy.F
RIC,CIBP.PA
RIC,CIBPEUR.xbo
RIC,CIB.MW
RIC,LP40212541
RIC,CIBR.OQ
RIC,CIBR.O
RIC,CIC.L
RIC,CICl.TRE
RIC,CIC.SN
RIC,CMIy.BE
RIC,CMIy.F
RIC,CMIy.SG
RIC,CIDM.MW
RIC,CIDM.P
RIC,CIDM.OQ
RIC,CIEN.N
RIC,CIEN.P
RIC,CIEN.MW
RIC,CIF.MW
RIC,CIF.TH
RIC,CIF.P
RIC,CIFS.O
RIC,CIFS.OQ
RIC,CIFS.B
RIC,CIGm.BK
RIC,CIGmol.BK
RIC,CIGmva.BK
RIC,CIGc.N
RIC,CIGc
RIC,CIGc.P
RIC,CIGI.OQ
RIC,CIGI.P
RIC,CIGI.DF
RIC,CII.AX
RIC,CIIstat.AX
RIC,CII.CHA
RIC,CIK.C
RIC,CIK.MW
RIC,CIK.TH
RIC,CIL.TN
RIC,CILJ.J
RIC,LP40212855
RIC,CIM.AX
RIC,CIMstat.AX
RIC,CIM.CHA
RIC,CINF.OQ
RIC,CINF.P
RIC,CINF.MW
RIC,CINR.N
RIC,CINR.DF
RIC,CINR.MW
RIC,CIO.AX
RIC,CIOstat.AX
RIC,CIO.CHA
RIC,CIRX.F
RIC,CIRX.BE
RIC,CIRX.SG
RIC,CISN.MW
RIC,CISN.K
RIC,CISN.Z
RIC,CTAS.BE
RIC,CTAS.MU
RIC,CTAS.SG
RIC,CIVB.OQ
RIC,CIVB.P
RIC,CIVB.DF
RIC,CIVI.K
RIC,CIVI.N
RIC,CIVI.DG
RIC,CIX.C
RIC,CIX.MW
RIC,CIX.TH
RIC,CIZ.AX
RIC,CIZstat.AX
RIC,CIZ.CHA
RIC,CIZN.MW
RIC,CIZN.P
RIC,CIZN.OQ
RIC,CRSJ.CY
RIC,CJ.TO
RIC,CJ.OMG
RIC,CJJD.O
RIC,CJJD.OQ
RIC,CJJD.DF
RIC,LP40198644
RIC,CJNK.B
RIC,CJNK.MW
RIC,CKH.C
RIC,CKH.MW
RIC,CKH.TH
RIC,CKPT.O
RIC,CKPT.OQ
RIC,CKPT.B
RIC,CKX.MW
RIC,CKX.TH
RIC,CKX.P
RIC,CL.C
RIC,CL.MW
RIC,CL.TH
RIC,CLAR.O
RIC,CLAR.OQ
RIC,CLAR.DF
RIC,CLB.C
RIC,CLB.MW
RIC,CLB.TH
RIC,CLBK.O
RIC,CLBK.OQ
RIC,CLBK.B
RIC,CLBS.O
RIC,CLBS.OQ
RIC,CLBS.DF
RIC,CLCT.OQ
RIC,CLCT.P
RIC,CLCT.C
RIC,CLD.N
RIC,CLD.P
RIC,CLD
RIC,CLDC.DY
RIC,CLDC.MW
RIC,CLDC.Z
RIC,CLDR.K
RIC,CLDR.N
RIC,CLDR.B
RIC,CLDT.N
RIC,CLDT.P
RIC,CLDT.K
RIC,CLDX.OQ
RIC,CLDX.P
RIC,CLDX.C
RIC,CLF.C
RIC,CLF.MW
RIC,CLF.TH
RIC,CLFD.OQ
RIC,CLFD.P
RIC,CLFD.C
RIC,CLGN.O
RIC,CLGN.OQ
RIC,CLGN.A
RIC,CLGX.C
RIC,CLGX.MW
RIC,CLGX.TH
RIC,CAH.MU
RIC,CAH.BE
RIC,CAH.F
RIC,CLI.C
RIC,CLI.MW
RIC,CLI.TH
RIC,CLIR.B
RIC,CLIR.O
RIC,CLIR.Z
RIC,CLIX.A
RIC,CLIX.MW
RIC,CLIX.TH
RIC,CLLS.DG
RIC,CLLS.O
RIC,CLLS.MW
RIC,CLM.C
RIC,CLM.MW
RIC,CLM.TH
RIC,CLMT.DF
RIC,CLMT.O
RIC,CLMT.OQ
RIC,CLNC.K
RIC,CLNC.N
RIC,CLNC.B
RIC,CLNE.O
RIC,CLNE.C
RIC,CLNE.DF
RIC,CLNY.K
RIC,CLNY.B
RIC,CLNY.DY
RIC,CLPR.N
RIC,CLPR.K
RIC,CLPR.B
RIC,CLPS.O
RIC,CLPS.OQ
RIC,CLPS.B
RIC,CLR.TO
RIC,CLR.GO
RIC,CLR.ALP
RIC,CLRG.O
RIC,CLRG.OQ
RIC,CLRG.B
RIC,CLRO.O
RIC,CLRO.MW
RIC,CLRO.C
RIC,CLS.C
RIC,CLS.MW
RIC,CLS.TH
RIC,CLSD.O
RIC,CLSD.OQ
RIC,CLSD.B
RIC,CLSN.C
RIC,CLSN.MW
RIC,CLSN.P
RIC,LP40217966
RIC,CLTL.K
RIC,CLTL.P
RIC,ROCLUB.BX
RIC,CLUB.DF
RIC,CLUB.OQ
RIC,CLVS.O
RIC,CLVS.OQ
RIC,CLVS.MW
RIC,CLW.N
RIC,CLW
RIC,CLW.P
RIC,CLWT.OQ
RIC,CLWT.C
RIC,CLWT.P
RIC,CLX.C
RIC,CLX.MW
RIC,CLX.TH
RIC,CLXT.O
RIC,CLXT.OQ
RIC,CLXT.B
RIC,CM.MW
RIC,CM.TH
RIC,CM.P
RIC,CMA.C
RIC,CMA.MW
RIC,CMA.TH
RIC,LP40197030
RIC,CMBS.DG
RIC,CMBS.B
RIC,JPM.BE
RIC,JPM.HA
RIC,JPM.H
RIC,CMCL.K
RIC,CALq.L
RIC,CMCL.A
RIC,CMCM.BX
RIC,CMCMdl.BX
RIC,CMCM.K
RIC,CMCO.OQ
RIC,CMCO.P
RIC,CMCO.C
RIC,CMCSA.OQ
RIC,CMCSA.P
RIC,CMCSA.MW
RIC,CMCT.C
RIC,CMCT.MW
RIC,CMCT.P
RIC,CMD.MW
RIC,CMD.TH
RIC,CMD.P
RIC,CMDY.K
RIC,CMDY.P
RIC,CMDY.TH
RIC,CMEG.KL
RIC,CMEGbi.KL
RIC,CMEGol.KL
RIC,CMFG.SG
RIC,CMF.BX
RIC,CMFdl.BX
RIC,CMFN.OQ
RIC,CMFN.MW
RIC,CMFN.DY
RIC,CMG.TO
RIC,CMG.GO
RIC,CMG.ALP
RIC,CMI.C
RIC,CMI.MW
RIC,CMI.TH
RIC,CMLS.O
RIC,CMLS.Z
RIC,CMLS.BAT
RIC,CMOm.BK
RIC,CMOmol.BK
RIC,CMOmva.BK
RIC,CMP.AX
RIC,CMPstat.AX
RIC,CMP.CHA
RIC,CMPR.O
RIC,CMPR.DF
RIC,CMPR.C
RIC,CMRE.N
RIC,CMRE.P
RIC,CMRE.K
RIC,CMRX.C
RIC,CMRX.O
RIC,CMRX.DF
RIC,CMS.C
RIC,CMS.MW
RIC,CMS.TH
RIC,CMSS.O
RIC,CMSS.OQ
RIC,CMSS.B
RIC,CMSSR.O
RIC,CMSSR.OQ
RIC,CMSSR.B
RIC,CMSSU.O
RIC,CMSSU.OQ
RIC,CMSSU.B
RIC,CMT.C
RIC,CMT.MW
RIC,CMT.TH
RIC,CMTA.O
RIC,CMTA.OQ
RIC,CMTA.B
RIC,CMTL.OQ
RIC,CMTL.P
RIC,CMTL.C
RIC,CMU.MW
RIC,CMU.TH
RIC,CMU.P
RIC,CN.V
RIC,CN.GO
RIC,CN.ALP
RIC,CNA.L
RIC,CNAGBP.xbo
RIC,CNAl.TRE
RIC,CNAC.OQ
RIC,CNAC.O
RIC,CNAC.A
RIC,CNACR.OQ
RIC,CNACR.O
RIC,CNACR.A
RIC,CNACU.O
RIC,CNACU.OQ
RIC,CNACU.B
RIC,CNATu.J
RIC,CNAT.O
RIC,CNAT.B
RIC,CNBKA.OQ
RIC,CNBKA.P
RIC,CNBKA.C
RIC,0883.S
RIC,CNCT.L
RIC,CNCl.TRE
RIC,CNCE.B
RIC,CNCE.OQ
RIC,CNCE.P
RIC,LP40213458
RIC,CNCR.B
RIC,CNCR.O
RIC,CNDT.K
RIC,CNDT.N
RIC,CNDT.B
RIC,CNET.OQ
RIC,CNET.P
RIC,CNET.O
RIC,CADNi.PA
RIC,CNFG.F
RIC,CNFG.DEU
RIC,CNFR.OQ
RIC,CNFR.O
RIC,CNFR.MW
RIC,CNHI.MI
RIC,CNHItah.MI
RIC,CNHI.ZY
RIC,LP40213700
RIC,CNHX.K
RIC,CNHX.DF
RIC,CNI.C
RIC,CNI.MW
RIC,CNI.TH
RIC,CNK.N
RIC,CNK
RIC,CNK.P
RIC,CNMD.OQ
RIC,CNMD.P
RIC,CNMD.C
RIC,CNNE.N
RIC,CNNE.K
RIC,CNNE.A
RIC,CNO.MW
RIC,CNO.TH
RIC,CNO.P
RIC,CNOB.OQ
RIC,CNOB.P
RIC,CNOB.C
RIC,CNPP.PA
RIC,CNPPEUR.xbo
RIC,CNP.C
RIC,CNQ.C
RIC,CNQ.MW
RIC,CNQ.TH
RIC,CNS.BK
RIC,CNSol.BK
RIC,CNSva.BK
RIC,CNSL.O
RIC,CNSL.DF
RIC,CNSL.OQ
RIC,CNST.O
RIC,CNST.OQ
RIC,CNST.B
RIC,CNTF.OQ
RIC,CNTF.O
RIC,CNTF.DF
RIC,CNTY.OQ
RIC,CNTY.C
RIC,CNTY.P
RIC,CNX.AX
RIC,CNXstat.AX
RIC,CNX.CHA
RIC,CNXM.DF
RIC,CNXM.DG
RIC,CNXM.B
RIC,CNXN.OQ
RIC,CNXN.P
RIC,CNXN.C
RIC,LP40208422
RIC,CNXT.MW
RIC,CNXT.DF
RIC,CNY.P
RIC,CNY
RIC,CNY.DF
RIC,LP40210311
RIC,CNYA.K
RIC,CNYA.C
RIC,CASP.PA
RIC,CASPEUR.xbo
RIC,CO
RIC,COCP.O
RIC,COCP.OQ
RIC,COCP.B
RIC,CODA.O
RIC,CODA.OQ
RIC,CODA.B
RIC,CODI.DF
RIC,CODI.P
RIC,CODI.C
RIC,CODX.O
RIC,CODX.OQ
RIC,CODX.B
RIC,COE.AX
RIC,COEstat.AX
RIC,COE.CHA
RIC,COFI.MI
RIC,COFIEUR.xbo
RIC,COF.C
RIC,COG.C
RIC,COG.MW
RIC,COG.TH
RIC,COHN.MW
RIC,COHN.TH
RIC,COHN.P
RIC,COHR.O
RIC,COHR.OQ
RIC,COHR.DF
RIC,COHU.OQ
RIC,COHU.P
RIC,COHU.C
RIC,COKE.OQ
RIC,COKE.P
RIC,COKE.C
RIC,COLB.OQ
RIC,COLB.P
RIC,COLB.C
RIC,COLD.K
RIC,COLD.N
RIC,COLD.B
RIC,COLL.P
RIC,COLL.O
RIC,COLL.DF
RIC,COLM.OQ
RIC,COLM.P
RIC,COLM.C
RIC,CBKG.S
RIC,CNIM.PA
RIC,CDBG.BE
RIC,CBOS.BR
RIC,CBOSEUR.xbo
RIC,LP40220533
RIC,LP40220534
RIC,COMG.K
RIC,COMG.P
RIC,COMM.O
RIC,COMM.OQ
RIC,COMM.MW
RIC,LP40209413
RIC,COMT.DF
RIC,COMT.DY
RIC,CONE.V
RIC,CONE.GO
RIC,CONE.ALP
RIC,COO.C
RIC,COO.MW
RIC,COO.TH
RIC,COOP.BEL
RIC,COOP.NR
RIC,COOP.O
RIC,COP.C
RIC,COP.MW
RIC,COP.TH
RIC,COPX.C
RIC,COPX.MW
RIC,COPX.TH
RIC,CORA.LS
RIC,COR.V
RIC,COR.GO
RIC,COR2.MU
RIC,COR2.BE
RIC,COR2.F
RIC,CORN.L
RIC,CORN.MI
RIC,CORNl.TRE
RIC,CORP.P
RIC,CORP.C
RIC,CORP.MW
RIC,CORR.N
RIC,CORR.K
RIC,CORR.DF
RIC,CORT.OQ
RIC,CORT.P
RIC,CORT.C
RIC,CORV.OQ
RIC,CORV.P
RIC,CORV.C
RIC,COST.OQ
RIC,COST.P
RIC,COST.MW
RIC,COT.C
RIC,COT.MW
RIC,COT.TH
RIC,COTY.DG
RIC,COTY.MW
RIC,COTY.C
RIC,COUP.O
RIC,COUP.EI
RIC,COUP.C
RIC,COW.TO
RIC,COW.GO
RIC,COW.ALP
RIC,COWN.OQ
RIC,COWN.DF
RIC,COWN.O
RIC,LP40217794
RIC,.FTCOWZ
RIC,.TRICOWZ
RIC,CP.C
RIC,CP.MW
RIC,CP.TH
RIC,CL.BE
RIC,CL.H
RIC,CL.MU
RIC,CPAC.DG
RIC,CPAC.B
RIC,CPAC.K
RIC,CPAH.O
RIC,CPAH.C
RIC,CPAH.B
RIC,CPB.C
RIC,CPB.MW
RIC,CPB.TH
RIC,0595.BE
RIC,CPE.MW
RIC,CPE.TH
RIC,CPER.P
RIC,CPER.C
RIC,CPER.MW
RIC,0267.MU
RIC,0267.SG
RIC,0267.BE
RIC,CPG
RIC,CPG.TO
RIC,CPG.GO
RIC,CPHC.MW
RIC,CPHC.P
RIC,CPHC.OQ
RIC,CPHI.K
RIC,CPHI.C
RIC,CPHI.MW
RIC,CPI.BK
RIC,CPIol.BK
RIC,CPIva.BK
RIC,CPIX.OQ
RIC,CPIX.O
RIC,CPIX.C
RIC,9697.F
RIC,9697.DEU
RIC,9697.SG
RIC,CPL.BK
RIC,CPLol.BK
RIC,CPLva.BK
RIC,CPLG.N
RIC,CPLG.K
RIC,CPLG.A
RIC,CPLP.O
RIC,CPLP.C
RIC,CPLP.DF
RIC,CPRI.K
RIC,CPRI.B
RIC,CPRI.PH
RIC,CPRT.OQ
RIC,CPRT.P
RIC,CPRT.C
RIC,CPRX.OQ
RIC,CPRX.DF
RIC,CPRX.O
RIC,DQ5.L
RIC,DQ5i.TRE
RIC,CPS.WA
RIC,CPSH.O
RIC,CPSH.P
RIC,CPSH.B
RIC,CPSI.OQ
RIC,CPSI.P
RIC,CPSI.C
RIC,CPSS.OQ
RIC,CPSS.P
RIC,CPSS.C
RIC,CPST.OQ
RIC,CPST.P
RIC,CPST.C
RIC,CPT.TH
RIC,CPT.P
RIC,CPT.MW
RIC,CPTA.C
RIC,CPTA.B
RIC,CPTA.P
RIC,CQP.A
RIC,CQP
RIC,CQP.P
RIC,CQQQ.C
RIC,CQQQ.MW
RIC,CQQQ.TH
RIC,CR.C
RIC,CR.MW
RIC,CR.TH
RIC,CRAI.OQ
RIC,CRAI.P
RIC,CRAI.C
RIC,LP40212978
RIC,CRAK.P
RIC,CRAK.K
RIC,CRAY.OQ
RIC,CRAY.P
RIC,CRAY.C
RIC,CORB.AS
RIC,CORBEUR.xbo
RIC,CRBN.MI
RIC,CRBP.O
RIC,CRBP.ZY
RIC,CRBP.PH
RIC,CNQ.BE
RIC,CNQ.MU
RIC,CNQ.SG
RIC,CRCM.Z
RIC,CRCM.ZY
RIC,CRCM.C
RIC,CRDa.MW
RIC,CRDa.TH
RIC,CRDa.P
RIC,CRDb.MW
RIC,CRDb.TH
RIC,CRDb.P
RIC,CREE.OQ
RIC,CREE.P
RIC,CREE.MW
RIC,CREG.O
RIC,CREG.OQ
RIC,CREG.DF
RIC,CRESY.OQ
RIC,CRESY.P
RIC,CRESY.C
RIC,CREX.O
RIC,CREX.OQ
RIC,CREX.B
RIC,CRF.C
RIC,CRF.MW
RIC,CRF.TH
RIC,CRH.L
RIC,CRGi.TRE
RIC,CRH.N
RIC,CRHM.K
RIC,CRHM.DG
RIC,CRHM.B
RIC,CRIP.PA
RIC,CRI.MW
RIC,CRI.TH
RIC,CRIS.OQ
RIC,CRIS.P
RIC,CRIS.C
RIC,CRK.MW
RIC,CRK.TH
RIC,CRK.P
RIC,CRGT.L
RIC,CRLl.TRE
RIC,CRL.C
RIC,CRM.MW
RIC,CRM.TH
RIC,CRM.P
RIC,CRMD.A
RIC,CRMD.P
RIC,CRMD.K
RIC,CRMT.OQ
RIC,CRMT.P
RIC,CRMT.C
RIC,CRNT.OQ
RIC,CRNT.P
RIC,CRNT.C
RIC,CRNX.OQ
RIC,CRNX.O
RIC,CRNX.A
RIC,LP40199532
RIC,CROC.P
RIC,CROC.C
RIC,CRON.CCP
RIC,CRON.ALP
RIC,CRON.CXC
RIC,CROP.P
RIC,CROP.C
RIC,CROP.MW
RIC,CROX.DF
RIC,CROX.O
RIC,CROX.OQ
RIC,CRR.MI
RIC,CRRtah.MI
RIC,CRR.MW
RIC,CRS.C
RIC,CRS.MW
RIC,CRS.TH
RIC,CRSP.OQ
RIC,CRSP.B
RIC,CRSP.MW
RIC,CRT.C
RIC,CRT.MW
RIC,CRT.TH
RIC,CRTO.PA
RIC,CRTO.O
RIC,CRTO.OQ
RIC,CRUS.OQ
RIC,CRUS.P
RIC,CRUS.MW
RIC,CRVL.OQ
RIC,CRVL.O
RIC,CRVL.DF
RIC,CRVS.O
RIC,CRVS.OQ
RIC,CRVS.B
RIC,CRWS.O
RIC,CRWS.DF
RIC,CRWS.OQ
RIC,CRY.MW
RIC,CRY.TH
RIC,CRY.P
RIC,CRZO.OQ
RIC,CRZO.P
RIC,CRZO.C
RIC,AXAF.PA
RIC,AXAFEUR.xbo
RIC,AXAF.S
RIC,ACN.BE
RIC,ACN.MU
RIC,ACN.SG
RIC,0517.BE
RIC,0517.F
RIC,0517.SG
RIC,CSBR.O
RIC,CSBR.B
RIC,CSBR.P
RIC,CSCO.OQ
RIC,CSCO.LM
RIC,CSCO.P
RIC,CSD
RIC,CSD.P
RIC,CSD.DF
RIC,TCFP.BE
RIC,TCFP.MU
RIC,TCFP.SG
RIC,CSFL.OQ
RIC,CSFL.P
RIC,CSFL.C
RIC,CSGP.OQ
RIC,CSGP.P
RIC,CSGP.C
RIC,CSGS.OQ
RIC,CSGS.P
RIC,CSGS.MW
RIC,CSII.OM
RIC,CSII.DF
RIC,CSII.O
RIC,CSL.AX
RIC,CSLstat.AX
RIC,CSL.CHA
RIC,CSLT.N
RIC,CSLT.C
RIC,CSLT.MW
RIC,CRSM.KA
RIC,CSM.TO
RIC,CSM.GO
RIC,LP40220504
RIC,CSML.O
RIC,CSML.OQ
RIC,CSOD.O
RIC,CSOD.OQ
RIC,CSOD.DF
RIC,CSPI.OQ
RIC,CSPI.P
RIC,CSPI.C
RIC,CSQ.MW
RIC,CSQ.P
RIC,CSQ.OQ
RIC,CSS.C
RIC,CSS.MW
RIC,CSS.TH
RIC,CSSE.OQ
RIC,CSSE.O
RIC,CSSE.A
RIC,CSTE.MW
RIC,CSTE.O
RIC,CSTE.C
RIC,CSTM.DG
RIC,CSTM.MW
RIC,CSTM.N
RIC,CSTR.OQ
RIC,CSTR.O
RIC,CSTR.B
RIC,CSU.MW
RIC,CSU.TH
RIC,CSU.P
RIC,ALBE.BE
RIC,ALBE.MU
RIC,ALBE.SG
RIC,CSWC.OQ
RIC,CSWC.P
RIC,CSWC.C
RIC,CSWI.O
RIC,CSWI.MW
RIC,CSWI.DG
RIC,CSGN.BE
RIC,CSGN.H
RIC,CSGN.MU
RIC,CTAN.AS
RIC,CTAC.OQ
RIC,CTAC.O
RIC,CTACU.OQ
RIC,CTACU.O
RIC,CTACU.A
RIC,CTAS.MW
RIC,CTAS.OQ
RIC,CTAS.P
RIC,CTB.C
RIC,CTB.MW
RIC,CTB.TH
RIC,CTBI.OQ
RIC,CTBI.P
RIC,CTBI.C
RIC,CTEK.K
RIC,CTEK.A
RIC,CTEK.B
RIC,C3U.L
RIC,CTGl.TRE
RIC,CTG.C
RIC,CTHR.OQ
RIC,CTHR.P
RIC,CTHR.C
RIC,CTIB.OQ
RIC,CTIB.C
RIC,CTIB.P
RIC,CTIC.OQ
RIC,CTIC.P
RIC,CTIC.C
RIC,CTKJ.J
RIC,CTK.N
RIC,CTK
RIC,CREA.MU
RIC,CREA.SG
RIC,CREA.F
RIC,CTLT.N
RIC,CTLT.MW
RIC,CTLT.DG
RIC,CTMX.O
RIC,CTMX.MW
RIC,CTMX.DG
RIC,HONL.SI
RIC,HONLol.SI
RIC,HONLbi.SI
RIC,CTR.L
RIC,CTRl.TRE
RIC,LP40199128
RIC,CTRA.JK
RIC,CTRAc.JK
RIC,CTRAn.JK
RIC,CTRC.OQ
RIC,CTRC.C
RIC,CTRC.P
RIC,CTRE.DG
RIC,CTRE.B
RIC,CTRE.PH
RIC,CTRL.O
RIC,CTRL.B
RIC,CTRL.DF
RIC,CTRN.DF
RIC,CTRN.P
RIC,CTRN.OQ
RIC,CTRP.OQ
RIC,CTRP.P
RIC,CTRP.MW
RIC,CTRV.O
RIC,CTRV.OQ
RIC,CTRV.NB
RIC,0161.F
RIC,0161.DEU
RIC,0161.SG
RIC,CTSH.OQ
RIC,CTSH.P
RIC,CTSH.MW
RIC,CTSO.O
RIC,CTSO.OQ
RIC,CTSO.DF
RIC,ROCTT.BX
RIC,CTTS.ST
RIC,CTTS.STf
RIC,CTWS.OQ
RIC,CTWS.P
RIC,CTWS.C
RIC,CTXR.O
RIC,CTXR.OQ
RIC,CTXR.B
RIC,CTXS.OQ
RIC,CTXS.P
RIC,CTXS.MW
RIC,CUB.C
RIC,CUB.MW
RIC,CUB.TH
RIC,CUBA.OQ
RIC,CUBA.C
RIC,CUBA.P
RIC,CUBE.N
RIC,CUBE.TH
RIC,CUBE.K
RIC,CUBI.K
RIC,CUBI.N
RIC,CUBI.DF
RIC,CUE.AX
RIC,CUEstat.AX
RIC,CUE.CHA
RIC,CUI.V
RIC,CUI.GO
RIC,CUI.ALP
RIC,CUK.TH
RIC,CUK.P
RIC,CUK.MW
RIC,CULP.MW
RIC,CULP.TH
RIC,CULP.P
RIC,LP40214676
RIC,CUMB.K
RIC,CUMB.P
RIC,CUO.C
RIC,CUO.MW
RIC,CUO.TH
RIC,CURG.BE
RIC,CURG.H
RIC,CURG.MU
RIC,CURE.CD
RIC,CURE.OMG
RIC,CURE.CCP
RIC,CURO.N
RIC,CURO.K
RIC,CURO.A
RIC,CUX.BE
RIC,CUX.MU
RIC,CUT
RIC,CUTR.OQ
RIC,CUTR.P
RIC,CUTR.C
RIC,CUZ.C
RIC,CUZ.MW
RIC,CUZ.TH
RIC,CVAG.BE
RIC,CVAG.F
RIC,CVAG.SG
RIC,CVBF.OQ
RIC,CVBF.P
RIC,CVBF.C
RIC,CVCO.OQ
RIC,CVCO.P
RIC,CVCO.C
RIC,CVCY.OQ
RIC,CVCY.C
RIC,CVCY.P
RIC,CVEG.F
RIC,CVEG.DEU
RIC,CVE.N
RIC,CVEO.K
RIC,CVEO.B
RIC,CVEO.DF
RIC,CVGI.OQ
RIC,CVGI.P
RIC,CVGI.C
RIC,CVGW.OQ
RIC,CVGW.P
RIC,CVGW.C
RIC,8247.BE
RIC,CVI.N
RIC,CVI
RIC,CVIA.K
RIC,CVIA.N
RIC,CVIA.B
RIC,CVLT.OQ
RIC,CVLT.O
RIC,CVLT.DF
RIC,CVLY.OQ
RIC,CVLY.P
RIC,CVLY.C
RIC,CVM.C
RIC,CVM.MW
RIC,CVM.TH
RIC,HREN.F
RIC,HREN.DEU
RIC,HREN.SG
RIC,MALL.BE
RIC,MALL.SG
RIC,MALL.F
RIC,CVRR.C
RIC,CVRR.DG
RIC,CVRR.P
RIC,CVRS.K
RIC,CVRS.A
RIC,CVRS.DG
RIC,CVS.BE
RIC,CVS.SG
RIC,CVS.C
RIC,CVTI.OQ
RIC,CVTI.P
RIC,CVTI.C
RIC,CCUUy.SG
RIC,CCUUy.F
RIC,CCUUy.DEU
RIC,CVV.MW
RIC,CVV.P
RIC,CVV.OQ
RIC,CVX.C
RIC,CVX.MW
RIC,CVX.TH
RIC,CVY.P
RIC,CVY
RIC,CVY.DF
RIC,CW.C
RIC,CW.MW
RIC,CW.TH
RIC,LP40219333
RIC,CWAI.K
RIC,CWAI.C
RIC,CWB.TO
RIC,CWB.GO
RIC,CWB.ALP
RIC,CWBC.OQ
RIC,CWBC.P
RIC,CWBC.C
RIC,CWBR.O
RIC,CWBR.OQ
RIC,CWBR.B
RIC,CWCO.OQ
RIC,CWCO.P
RIC,CWCO.C
RIC,LP40217163
RIC,CWEB.EI
RIC,CWEB.Z
RIC,CWEN.DG
RIC,CWEN.K
RIC,CWEN.N
RIC,CWENa.K
RIC,CWENa.C
RIC,CWENa.MW
RIC,DEA.SG
RIC,DEA.F
RIC,DEA.DEU
RIC,CWI.TO
RIC,CWI.GO
RIC,CWI.ALP
RIC,CWK.L
RIC,CWKGBP.xbo
RIC,CWKl.TRE
RIC,LP40216623
RIC,CWS.ZY
RIC,CWS.TH
RIC,CWT.BK
RIC,CWTol.BK
RIC,CWTva.BK
RIC,CX.C
RIC,CX.MW
RIC,CX.TH
RIC,CXDC.O
RIC,CXDC.OQ
RIC,CXDC.DF
RIC,CXE.C
RIC,CXE.MW
RIC,CXE.TH
RIC,CXH.MW
RIC,CXH.TH
RIC,CXH.P
RIC,CXO.N
RIC,CXO
RIC,CXO.P
RIC,CXP.B
RIC,CXP.DY
RIC,CXP.DG
RIC,LP40200494
RIC,CXSE.B
RIC,CXSE.P
RIC,CXW.MW
RIC,CXW.TH
RIC,CXW.P
RIC,CY.C
RIC,CY.MW
RIC,CY.P
RIC,CYAD.BR
RIC,CYAD.NB
RIC,CYAD.DG
RIC,CYAN.OQ
RIC,CYAN.C
RIC,CYAN.P
RIC,CYB.DF
RIC,CYB
RIC,CYB.P
RIC,CYBE.OQ
RIC,CYBE.P
RIC,CYBE.C
RIC,CYBR.PS
RIC,CYBRol.PS
RIC,CYBR.B
RIC,CYCC.OQ
RIC,CYCC.P
RIC,CYCC.C
RIC,CYD.BE
RIC,CYD.MU
RIC,CYD.SG
RIC,CYH.C
RIC,CYH.MW
RIC,CYH.TH
RIC,CYOU.O
RIC,CYOU.DF
RIC,CYOU.C
RIC,CYRN.O
RIC,CYRN.DF
RIC,CYRN.OQ
RIC,CYRX.O
RIC,CYRX.DF
RIC,CYRX.OQ
RIC,CYTK.OQ
RIC,CYTK.P
RIC,CYTK.C
RIC,CYTR.OQ
RIC,CYTR.C
RIC,CYTR.P
RIC,CYTX.O
RIC,CYTX.DF
RIC,CYTX.OQ
RIC,CUL.BE
RIC,CUL.F
RIC,CUL.DEU
RIC,CZFC.O
RIC,CZFC.OQ
RIC,CZFC.DF
RIC,CZNC.DF
RIC,CZNC.OQ
RIC,CZNC.P
RIC,1205.BE
RIC,1205.F
RIC,1205.DEU
RIC,CZWI.O
RIC,CZWI.DF
RIC,CZWI.OQ
RIC,CZZ.N
RIC,CZZ
RIC,CZZ.DF
RIC,D.C
RIC,D.MW
RIC,D.TH
RIC,DAC.HNO
RIC,DACf.HNO
RIC,DAC.N
RIC,DAG.P
RIC,DAG
RIC,DAG.DF
RIC,DAIO.OQ
RIC,DAIO.C
RIC,DAIO.P
RIC,DAKT.OQ
RIC,DAKT.P
RIC,DAKT.C
RIC,DALG.SG
RIC,DALG.D
RIC,DAL.MI
RIC,DALI.O
RIC,DALI.OQ
RIC,DALI.B
RIC,DALT.K
RIC,DALT.A
RIC,DALT.C
RIC,DANO.S
RIC,DANI.MI
RIC,DANIEUR.xbo
RIC,DAR.C
RIC,DAR.MW
RIC,DAR.TH
RIC,DARE.O
RIC,DARE.MW
RIC,DARE.DY
RIC,DATA.L
RIC,DATAl.TRE
RIC,DATA.DG
RIC,DAUD.K
RIC,DAUD.P
RIC,DAUD.TH
RIC,DAVA.A
RIC,DAVA.EI
RIC,DAVA.ZY
RIC,DAVE.OQ
RIC,DAVE.P
RIC,DAVE.C
RIC,DAX.PA
RIC,LP40209515
RIC,.GDAX
RIC,DB.MW
RIC,DB.TH
RIC,DB.P
RIC,DBA
RIC,DBA.P
RIC,DBA.DF
RIC,LP40204842
RIC,DBAP.DG
RIC,DBAP.TH
RIC,LP40206383
RIC,DBAW.DG
RIC,DBAW.B
RIC,DBB
RIC,DBB.P
RIC,DBB.DF
RIC,DBC.WA
RIC,DBC
RIC,DBC.P
RIC,DBD.BE
RIC,DBD.MU
RIC,DBD.C
RIC,DBEG.KL
RIC,DBEGbi.KL
RIC,DBEGol.KL
RIC,DBEF.P
RIC,DBEF.C
RIC,DBEF.MW
RIC,DBEM.P
RIC,DBEM.C
RIC,DBEM.MW
RIC,LP40204843
RIC,DBEU.K
RIC,DBEU.MW
RIC,LP40210242
RIC,DBEZ.DF
RIC,DBEZ.K
RIC,DBGR.P
RIC,DBGR.C
RIC,DBGR.MW
RIC,DBJP.P
RIC,DBJP.C
RIC,DBJP.MW
RIC,LP40206384
RIC,DBKO.DY
RIC,DBKO.K
RIC,LP40196689
RIC,DBL.B
RIC,DBL.C
RIC,DBLV.P
RIC,DBLV.MW
RIC,DBLV.C
RIC,DB1Gn.VI
RIC,DBO.TO
RIC,DBO.GO
RIC,DBP
RIC,DBP.P
RIC,DBP.DF
RIC,DBS
RIC,DBS.P
RIC,DBS.DF
RIC,LP40204845
RIC,DBUK.Z
RIC,DBUK.C
RIC,DBV
RIC,DBV.P
RIC,DBV.DF
RIC,DBVT.PH
RIC,DBVT.O
RIC,DBVT.OQ
RIC,DBX.O
RIC,DBX.OQ
RIC,DBX.B
RIC,DCAR.O
RIC,DCAR.DF
RIC,DCAR.OQ
RIC,DCF.TO
RIC,DCF.GO
RIC,DCF.ALP
RIC,DCHF.K
RIC,DCHF.P
RIC,DCHF.TH
RIC,DCI.C
RIC,DCI.MW
RIC,DCI.TH
RIC,DCIX.O
RIC,DCIX.OQ
RIC,DCIX.DF
RIC,DE.BE
RIC,DE.MU
RIC,DE.SG
RIC,DCOM.OQ
RIC,DCOM.P
RIC,DCOM.C
RIC,DCP
RIC,DCP.P
RIC,DCP.N
RIC,DCPH.O
RIC,DCPH.OQ
RIC,DCPH.B
RIC,LP40214259
RIC,DDBI.O
RIC,DDBI.OQ
RIC,DDD.N
RIC,DDD.P
RIC,DDD.C
RIC,DDE.MW
RIC,DDE.TH
RIC,DDE.P
RIC,LP40214605
RIC,DDEZ.K
RIC,DDEZ.C
RIC,DDFG.F
RIC,DDFG.DEU
RIC,DDF.C
RIC,DDG
RIC,DDG.DF
RIC,DDG.P
RIC,LP40207013
RIC,DDIV.P
RIC,DDIV.DG
RIC,LP40214606
RIC,DDJP.K
RIC,DDJP.C
RIC,LP40214607
RIC,DDLS.K
RIC,DDLS.C
RIC,DDM
RIC,DDM.P
RIC,DDM.DF
RIC,DDMX.OQ
RIC,DDMX.O
RIC,DDMX.A
RIC,DDMXU.OQ
RIC,DDMXU.O
RIC,DDMXU.A