RIC,A
RIC,AA
RIC,AAAU
RIC,AABA
RIC,AAC
RIC,AADR
RIC,AAL
RIC,AAMC
RIC,AAME
RIC,AAN
RIC,AAOI
RIC,AAON
RIC,AAP
RIC,AAPL
RIC,AAT
RIC,AAU
RIC,AAWW
RIC,AAXJ
RIC,AAXN
RIC,AB
RIC,ABB
RIC,ABBV
RIC,ABC
RIC,ABCB
RIC,ABDC
RIC,ABEO
RIC,ABEV
RIC,ABG
RIC,ABIL
RIC,ABIO
RIC,ABM
RIC,ABMD
RIC,ABR
RIC,ABT
RIC,ABTX
RIC,ABUS
RIC,AC
RIC,ACA
RIC,ACAD
RIC,ACB
RIC,ACBI
RIC,ACC
RIC,ACCO
RIC,ACER
RIC,ACES
RIC,ACET
RIC,ACGL
RIC,ACH
RIC,ACHC
RIC,ACHN
RIC,ACHV
RIC,ACIA
RIC,ACIM
RIC,ACIU
RIC,ACIW
RIC,ACLS
RIC,ACM
RIC,ACMR
RIC,ACN
RIC,ACNB
RIC,ACOR
RIC,ACP
RIC,ACRE
RIC,ACRS
RIC,ACRX
RIC,ACSG
RIC,ACSI
RIC,ACST
RIC,ACT
RIC,ACTG
RIC,ACU
RIC,ACV
RIC,ACWF
RIC,ACWI
RIC,ACWV
RIC,ACWX
RIC,ACY
RIC,ADAP
RIC,ADBE
RIC,ADC
RIC,ADES
RIC,ADI
RIC,ADIL
RIC,ADM
RIC,ADMA
RIC,ADMP
RIC,ADMS
RIC,ADNT
RIC,ADOM
RIC,ADP
RIC,ADRA
RIC,ADRD
RIC,ADRE
RIC,ADRO
RIC,ADRU
RIC,ADS
RIC,ADSK
RIC,ADSW
RIC,ADT
RIC,ADTN
RIC,ADUS
RIC,ADVM
RIC,ADX
RIC,ADXS
RIC,AE
RIC,AEE
RIC,AEF
RIC,AEG
RIC,AEGN
RIC,AEHR
RIC,AEIS
RIC,AEL
RIC,AEM
RIC,AEMD
RIC,AEO
RIC,AEP
RIC,AER
RIC,AERI
RIC,AES
RIC,AETI
RIC,AEY
RIC,AEYE
RIC,AEZS
RIC,AFB
RIC,AFG
RIC,AFH
RIC,AFI
RIC,AFIF
RIC,AFIN
RIC,AFK
RIC,AFL
RIC,AFMD
RIC,AFT
RIC,AFTY
RIC,AG
RIC,AGCO
RIC,AGD
RIC,AGE
RIC,AGEN
RIC,AGF
RIC,AGFS
RIC,AGG
RIC,AGGE
RIC,AGGP
RIC,AGGY
RIC,AGI
RIC,AGIO
RIC,AGLE
RIC,AGM
RIC,AGM.A
RIC,AGMH
RIC,AGN
RIC,AGNC
RIC,AGND
RIC,AGO
RIC,AGQ
RIC,AGR
RIC,AGRO
RIC,AGRX
RIC,AGS
RIC,AGT
RIC,AGTC
RIC,AGX
RIC,AGYS
RIC,AGZ
RIC,AGZD
RIC,AHC
RIC,AHH
RIC,AHL
RIC,AHPI
RIC,AHT
RIC,AI
RIC,AIA
RIC,AIEQ
RIC,AIF
RIC,AIG
RIC,AIHS
RIC,AIIQ
RIC,AIMC
RIC,AIMT
RIC,AIN
RIC,AINC
RIC,AINV
RIC,AIPT
RIC,AIQ
RIC,AIR
RIC,AIRG
RIC,AIRI
RIC,AIRR
RIC,AIRT
RIC,AIT
RIC,AIV
RIC,AIZ
RIC,AJG
RIC,AJRD
RIC,AJX
RIC,AKAM
RIC,AKAO
RIC,AKBA
RIC,AKCA
RIC,AKER
RIC,AKG
RIC,AKO.A
RIC,AKO.B
RIC,AKP
RIC,AKR
RIC,AKRX
RIC,AKS
RIC,AKTS
RIC,AKTX
RIC,AL
RIC,ALAC
RIC,ALACR
RIC,ALACU
RIC,ALB
RIC,ALBO
RIC,ALCO
RIC,ALD
RIC,ALDR
RIC,ALDX
RIC,ALE
RIC,ALEX
RIC,ALFA
RIC,ALGRIC,

RIC,ALGN
RIC,ALGR
RIC,ALGRR
RIC,ALGRU
RIC,ALGT
RIC,ALIM
RIC,ALJJ
RIC,ALK
RIC,ALKS
RIC,ALL
RIC,ALLE
RIC,ALLK
RIC,ALLO
RIC,ALLT
RIC,ALLY
RIC,ALNA
RIC,ALNY
RIC,ALO
RIC,ALOT
RIC,ALPN
RIC,ALQA
RIC,ALRM
RIC,ALRN
RIC,ALSK
RIC,ALSN
RIC,ALT
RIC,ALTM
RIC,ALTR
RIC,ALTS
RIC,ALTY
RIC,ALV
RIC,ALX
RIC,ALXN
RIC,ALYA
RIC,AM
RIC,AMAG
RIC,AMAL
RIC,AMAT
RIC,AMBA
RIC,AMBC
RIC,AMBO
RIC,AMBR
RIC,AMC
RIC,AMCA
RIC,AMCI
RIC,AMCIU
RIC,AMCN
RIC,AMCX
RIC,AMD
RIC,AME
RIC,AMED
RIC,AMEH
RIC,AMG
RIC,AMGN
RIC,AMGP
RIC,AMH
RIC,AMID
RIC,AMJ
RIC,AMJL
RIC,AMKR
RIC,AMLP
RIC,AMMA
RIC,AMN
RIC,AMNB
RIC,AMOT
RIC,AMOV
RIC,AMP
RIC,AMPE
RIC,AMPH
RIC,AMR
RIC,AMRB
RIC,AMRC
RIC,AMRH
RIC,AMRK
RIC,AMRN
RIC,AMRS
RIC,AMRX
RIC,AMS
RIC,AMSC
RIC,AMSF
RIC,AMSWA
RIC,AMT
RIC,AMTB
RIC,AMTBB
RIC,AMTD
RIC,AMTX
RIC,AMU
RIC,AMUB
RIC,AMWD
RIC,AMX
RIC,AMZA
RIC,AMZN
RIC,AN
RIC,ANAB
RIC,ANAT
RIC,ANCX
RIC,ANDE
RIC,ANDX
RIC,ANET
RIC,ANF
RIC,ANFI
RIC,ANGI
RIC,ANGL
RIC,ANGO
RIC,ANH
RIC,ANIK
RIC,ANIP
RIC,ANIX
RIC,ANSS
RIC,ANTM
RIC,ANY
RIC,AOA
RIC,AOBC
RIC,AOD
RIC,AOK
RIC,AOM
RIC,AON
RIC,AOR
RIC,AOS
RIC,AOSL
RIC,AP
RIC,APA
RIC,APAM
RIC,APB
RIC,APC
RIC,APD
RIC,APDN
RIC,APEI
RIC,APEN
RIC,APF
RIC,APH
RIC,APHA
RIC,APHB
RIC,APLE
RIC,APLS
RIC,APM
RIC,APO
RIC,APOG
RIC,APOP
RIC,APPF
RIC,APPN
RIC,APPS
RIC,APRI
RIC,APRN
RIC,APT
RIC,APTO
RIC,APTS
RIC,APTV
RIC,APTX
RIC,APU
RIC,APVO
RIC,APWC
RIC,APY
RIC,APYX
RIC,AQ
RIC,AQB
RIC,AQMS
RIC,AQN
RIC,AQST
RIC,AQUA
RIC,AQXP
RIC,AR
RIC,ARA
RIC,ARAV
RIC,ARAY
RIC,ARC
RIC,ARCB
RIC,ARCC
RIC,ARCE
RIC,ARCH
RIC,ARCI
RIC,ARCM
RIC,ARCO
RIC,ARCT
RIC,ARCW
RIC,ARD
RIC,ARDC
RIC,ARDS
RIC,ARDX
RIC,ARE
RIC,ARES
RIC,AREX
RIC,ARGO
RIC,ARGT
RIC,ARGX
RIC,ARI
RIC,ARKG
RIC,ARKK
RIC,ARKQ
RIC,ARKR
RIC,ARKW
RIC,ARL
RIC,ARLO
RIC,ARLP
RIC,ARMK
RIC,ARNA
RIC,ARNC
RIC,AROC
RIC,AROW
RIC,ARPO
RIC,ARQL
RIC,ARR
RIC,ARRS
RIC,ARRY
RIC,ARTNA
RIC,ARTW
RIC,ARTX
RIC,ARVN
RIC,ARW
RIC,ARWR
RIC,ARYA
RIC,ARYAU
RIC,ASA
RIC,ASB
RIC,ASC
RIC,ASCMA
RIC,ASEA
RIC,ASET
RIC,ASFI
RIC,ASG
RIC,ASGN
RIC,ASH
RIC,ASHR
RIC,ASHS
RIC,ASHX
RIC,ASIX
RIC,ASLN
RIC,ASM
RIC,ASMB
RIC,ASML
RIC,ASNA
RIC,ASND
RIC,ASNS
RIC,ASPN
RIC,ASPS
RIC,ASPU
RIC,ASR
RIC,ASRT
RIC,ASRV
RIC,AST
RIC,ASTC
RIC,ASTE
RIC,ASUR
RIC,ASV
RIC,ASX
RIC,ASYS
RIC,AT
RIC,ATAI
RIC,ATAX
RIC,ATEC
RIC,ATEN
RIC,ATGE
RIC,ATH
RIC,ATHM
RIC,ATHN
RIC,ATHX
RIC,ATI
RIC,ATIS
RIC,ATKR
RIC,ATLC
RIC,ATLO
RIC,ATMP
RIC,ATNI
RIC,ATNM
RIC,ATNX
RIC,ATO
RIC,ATOM
RIC,ATOS
RIC,ATR
RIC,ATRA
RIC,ATRC
RIC,ATRI
RIC,ATRO
RIC,ATRS
RIC,ATSG
RIC,ATTO
RIC,ATTU
RIC,ATU
RIC,ATUS
RIC,ATV
RIC,ATVI
RIC,ATXI
RIC,AU
RIC,AUBN
RIC,AUDC
RIC,AUG
RIC,AUGR
RIC,AUMN
RIC,AUO
RIC,AUPH
RIC,AUSE
RIC,AUSF
RIC,AUTL
RIC,AUTO
RIC,AUY
RIC,AVA
RIC,AVAL
RIC,AVAV
RIC,AVB
RIC,AVCO
RIC,AVD
RIC,AVDL
RIC,AVEO
RIC,AVGO
RIC,AVGR
RIC,AVH
RIC,AVID
RIC,AVK
RIC,AVLR
RIC,AVNS
RIC,AVNW
RIC,AVP
RIC,AVRO
RIC,AVT
RIC,AVX
RIC,AVXL
RIC,AVY
RIC,AVYA
RIC,AWF
RIC,AWI
RIC,AWK
RIC,AWP
RIC,AWR
RIC,AWRE
RIC,AWSM
RIC,AWX
RIC,AX
RIC,AXAS
RIC,AXDX
RIC,AXE
RIC,AXGN
RIC,AXJL
RIC,AXJV
RIC,AXL
RIC,AXNX
RIC,AXON
RIC,AXP
RIC,AXR
RIC,AXS
RIC,AXSM
RIC,AXTA
RIC,AXTI
RIC,AXU
RIC,AY
RIC,AYI
RIC,AYR
RIC,AYTU
RIC,AYX
RIC,AZN
RIC,AZO
RIC,AZPN
RIC,AZRE
RIC,AZRX
RIC,AZUL
RIC,AZZ
RIC,B
RIC,BA
RIC,BAB
RIC,BABA
RIC,BABY
RIC,BAC
RIC,BAF
RIC,BAH
RIC,BAK
RIC,BAL
RIC,BAM
RIC,BANC
RIC,BAND
RIC,BANF
RIC,BANR
RIC,BANX
RIC,BAP
RIC,BAR
RIC,BAS
RIC,BASI
RIC,BATRA
RIC,BATRK
RIC,BATT
RIC,BAX
RIC,BB
RIC,BBAX
RIC,BBBY
RIC,BBC
RIC,BBCA
RIC,BBCP
RIC,BBD
RIC,BBDC
RIC,BBDO
RIC,BBEU
RIC,BBF
RIC,BBGI
RIC,BBH
RIC,BBJP
RIC,BBK
RIC,BBL
RIC,BBN
RIC,BBP
RIC,BBRC
RIC,BBRE
RIC,BBSI
RIC,BBT
RIC,BBU
RIC,BBVA
RIC,BBW
RIC,BBX
RIC,BBY
RIC,BC
RIC,BCAC
RIC,BCACR
RIC,BCACU
RIC,BCBP
RIC,BCC
RIC,BCD
RIC,BCE
RIC,BCEI
RIC,BCH
RIC,BCI
RIC,BCLI
RIC,BCM
RIC,BCML
RIC,BCNA
RIC,BCO
RIC,BCOM
RIC,BCOR
RIC,BCOV
RIC,BCOW
RIC,BCPC
RIC,BCRH
RIC,BCRX
RIC,BCS
RIC,BCSF
RIC,BCTF
RIC,BCV
RIC,BCX
RIC,BDC
RIC,BDCL
RIC,BDCS
RIC,BDCZ
RIC,BDD
RIC,BDGE
RIC,BDJ
RIC,BDL
RIC,BDN
RIC,BDR
RIC,BDRY
RIC,BDSI
RIC,BDX
RIC,BE
RIC,BEAT
RIC,BECN
RIC,BEDU
RIC,BEF
RIC,BEL
RIC,BELFA
RIC,BELFB
RIC,BEMO
RIC,BEN
RIC,BEP
RIC,BERN
RIC,BERY
RIC,BF.A
RIC,BF.B
RIC,BFAM
RIC,BFC
RIC,BFIN
RIC,BFIT
RIC,BFK
RIC,BFO
RIC,BFOR
RIC,BFR
RIC,BFRA
RIC,BFS
RIC,BFST
RIC,BFY
RIC,BFZ
RIC,BG
RIC,BGB
RIC,BGCP
RIC,BGFV
RIC,BGG
RIC,BGH
RIC,BGI
RIC,BGIO
RIC,BGNE
RIC,BGR
RIC,BGRN
RIC,BGS
RIC,BGSF
RIC,BGT
RIC,BGX
RIC,BGY
RIC,BH
RIC,BH.A
RIC,BHB
RIC,BHBK
RIC,BHC
RIC,BHE
RIC,BHF
RIC,BHGE
RIC,BHK
RIC,BHLB
RIC,BHP
RIC,BHR
RIC,BHTG
RIC,BHV
RIC,BHVN
RIC,BIB
RIC,BIBL
RIC,BICK
RIC,BID
RIC,BIDU
RIC,BIF
RIC,BIG
RIC,BIIB
RIC,BIKR
RIC,BIL
RIC,BILI
RIC,BIO
RIC,BIO.B
RIC,BIOC
RIC,BIOL
RIC,BIOS
RIC,BIP
RIC,BIQI
RIC,BIS
RIC,BIT
RIC,BITA
RIC,BIV
RIC,BIZD
RIC,BJ
RIC,BJK
RIC,BJRI
RIC,BJUL
RIC,BK
RIC,BKC
RIC,BKCC
RIC,BKD
RIC,BKE
RIC,BKEP
RIC,BKF
RIC,BKH
RIC,BKI
RIC,BKJ
RIC,BKK
RIC,BKLN
RIC,BKN
RIC,BKNG
RIC,BKS
RIC,BKSC
RIC,BKT
RIC,BKTI
RIC,BKU
RIC,BKYI
RIC,BL
RIC,BLBD
RIC,BLCM
RIC,BLCN
RIC,BLD
RIC,BLDP
RIC,BLDR
RIC,BLE
RIC,BLES
RIC,BLFS
RIC,BLHY
RIC,BLIN
RIC,BLK
RIC,BLKB
RIC,BLL
RIC,BLMN
RIC,BLMT
RIC,BLNK
RIC,BLOK
RIC,BLPH
RIC,BLRX
RIC,BLUE
RIC,BLV
RIC,BLW
RIC,BLX
RIC,BMA
RIC,BMCH
RIC,BME
RIC,BMI
RIC,BMLP
RIC,BMO
RIC,BMRA
RIC,BMRC
RIC,BMRN
RIC,BMS
RIC,BMTC
RIC,BMY
RIC,BNCL
RIC,BND
RIC,BNDC
RIC,BNDW
RIC,BNDX
RIC,BNED
RIC,BNFT
RIC,BNGO
RIC,BNO
RIC,BNS
RIC,BNSO
RIC,BNTC
RIC,BNY
RIC,BOCH
RIC,BOCT
RIC,BOE
RIC,BOH
RIC,BOIL
RIC,BOJA
RIC,BOKF
RIC,BOLD
RIC,BOM
RIC,BOMN
RIC,BOND
RIC,BOOM
RIC,BOON
RIC,BOOT
RIC,BORN
RIC,BOS
RIC,BOSC
RIC,BOSS
RIC,BOTJ
RIC,BOTZ
RIC,BOUT
RIC,BOX
RIC,BOXL
RIC,BP
RIC,BPFH
RIC,BPI
RIC,BPL
RIC,BPMC
RIC,BPMP
RIC,BPMX
RIC,BPOP
RIC,BPR
RIC,BPRN
RIC,BPT
RIC,BPTH
RIC,BPY
RIC,BQH
RIC,BR
RIC,BRAC
RIC,BRACR
RIC,BRACU
RIC,BRC
RIC,BREW
RIC,BRF
RIC,BRFS
RIC,BRG
RIC,BRGL
RIC,BRID
RIC,BRK.A
RIC,BRK.B
RIC,BRKL
RIC,BRKR
RIC,BRKS
RIC,BRN
RIC,BRO
RIC,BRPA
RIC,BRPAR
RIC,BRPAU
RIC,BRQS
RIC,BRS
RIC,BRSS
RIC,BRT
RIC,BRX
RIC,BRY
RIC,BRZU
RIC,BSAC
RIC,BSAE
RIC,BSBE
RIC,BSBR
RIC,BSCE
RIC,BSCJ
RIC,BSCK
RIC,BSCL
RIC,BSCM
RIC,BSCN
RIC,BSCO
RIC,BSCP
RIC,BSCQ
RIC,BSCR
RIC,BSCS
RIC,BSD
RIC,BSDE
RIC,BSE
RIC,BSET
RIC,BSGM
RIC,BSIG
RIC,BSJJ
RIC,BSJK
RIC,BSJL
RIC,BSJM
RIC,BSJN
RIC,BSJO
RIC,BSJP
RIC,BSJQ
RIC,BSL
RIC,BSM
RIC,BSMX
RIC,BSQR
RIC,BSRR
RIC,BST
RIC,BSTC
RIC,BSTI
RIC,BSV
RIC,BSVN
RIC,BSX
RIC,BT
RIC,BTA
RIC,BTAI
RIC,BTAL
RIC,BTE
RIC,BTEC
RIC,BTG
RIC,BTI
RIC,BTN
RIC,BTO
RIC,BTT
RIC,BTU
RIC,BTX
RIC,BTZ
RIC,BUD
RIC,BUI
RIC,BURG
RIC,BURL
RIC,BUSE
RIC,BUY
RIC,BUYN
RIC,BUZ
RIC,BV
RIC,BVAL
RIC,BVN
RIC,BVSN
RIC,BVXV
RIC,BW
RIC,BWA
RIC,BWB
RIC,BWEN
RIC,BWFG
RIC,BWG
RIC,BWL.A
RIC,BWMC
RIC,BWMCU
RIC,BWX
RIC,BWXT
RIC,BWZ
RIC,BX
RIC,BXC
RIC,BXE
RIC,BXG
RIC,BXMT
RIC,BXMX
RIC,BXP
RIC,BXS
RIC,BY
RIC,BYD
RIC,BYFC
RIC,BYLD
RIC,BYM
RIC,BYSI
RIC,BZF
RIC,BZH
RIC,BZM
RIC,BZQ
RIC,BZUN
RIC,C
RIC,CAAP
RIC,CAAS
RIC,CABO
RIC,CAC
RIC,CACC
RIC,CACG
RIC,CACI
RIC,CADC
RIC,CADE
RIC,CAE
RIC,CAF
RIC,CAG
RIC,CAH
RIC,CAI
RIC,CAJ
RIC,CAKE
RIC,CAL
RIC,CALA
RIC,CALF
RIC,CALM
RIC,CALX
RIC,CAMP
RIC,CAMT
RIC,CANE
RIC,CANF
RIC,CANG
RIC,CAPE
RIC,CAPL
RIC,CAPR
RIC,CAR
RIC,CARA
RIC,CARB
RIC,CARG
RIC,CARO
RIC,CARS
RIC,CART
RIC,CARV
RIC,CARZ
RIC,CASA
RIC,CASH
RIC,CASI
RIC,CASM
RIC,CASS
RIC,CASY
RIC,CAT
RIC,CATB
RIC,CATC
RIC,CATH
RIC,CATM
RIC,CATO
RIC,CATS
RIC,CATY
RIC,CAW
RIC,CB
RIC,CBAN
RIC,CBAT
RIC,CBAY
RIC,CBB
RIC,CBD
RIC,CBFV
RIC,CBH
RIC,CBIO
RIC,CBK
RIC,CBL
RIC,CBLI
RIC,CBLK
RIC,CBM
RIC,CBMB
RIC,CBMG
RIC,CBND
RIC,CBNK
RIC,CBOE
RIC,CBON
RIC,CBPO
RIC,CBPX
RIC,CBRE
RIC,CBRL
RIC,CBS
RIC,CBS.A
RIC,CBSH
RIC,CBT
RIC,CBTX
RIC,CBU
RIC,CBZ
RIC,CC
RIC,CCA
RIC,CCB
RIC,CCBG
RIC,CCC
RIC,CCC=
RIC,CCCL
RIC,CCD
RIC,CCEP
RIC,CCF
RIC,CCH
RIC,CCH=
RIC,CCI
RIC,CCIH
RIC,CCJ
RIC,CCK
RIC,CCL
RIC,CCLP
RIC,CCM
RIC,CCMP
RIC,CCNE
RIC,CCNI
RIC,CCO
RIC,CCOI
RIC,CCOR
RIC,CCR
RIC,CCRC
RIC,CCRN
RIC,CCS
RIC,CCU
RIC,CCXI
RIC,CDAY
RIC,CDC
RIC,CDE
RIC,CDEV
RIC,CDK
RIC,CDL
RIC,CDLX
RIC,CDMO
RIC,CDNA
RIC,CDNS
RIC,CDOR
RIC,CDR
RIC,CDTX
RIC,CDW
RIC,CDXC
RIC,CDXS
RIC,CDZI
RIC,CE
RIC,CEA
RIC,CECE
RIC,CECO
RIC,CEE
RIC,CEF
RIC,CEFL
RIC,CEFS
RIC,CEI
RIC,CEIX
RIC,CEL
RIC,CELC
RIC,CELG
RIC,CELGZ
RIC,CELH
RIC,CELP
RIC,CEM
RIC,CEMB
RIC,CEMI
RIC,CEN
RIC,CENT
RIC,CENTA
RIC,CENX
RIC,CEO
RIC,CEPU
RIC,CEQP
RIC,CERC
RIC,CERN
RIC,CERS
RIC,CET
RIC,CETV
RIC,CETX
RIC,CEV
RIC,CEVA
RIC,CEW
RIC,CEY
RIC,CEZ
RIC,CF
RIC,CFA
RIC,CFBI
RIC,CFBK
RIC,CFFAU
RIC,CFFI
RIC,CFFN
RIC,CFG
RIC,CFMS
RIC,CFO
RIC,CFR
RIC,CFRX
RIC,CFX
RIC,CG
RIC,CGA
RIC,CGBD
RIC,CGC
RIC,CGEN
RIC,CGIX
RIC,CGNX
RIC,CGO
RIC,CGW
RIC,CHA
RIC,CHAC=
RIC,CHAD
RIC,CHAP
RIC,CHAU
RIC,CHCI
RIC,CHCO
RIC,CHCT
RIC,CHD
RIC,CHDN
RIC,CHE
RIC,CHEF
RIC,CHEK
RIC,CHEP
RIC,CHFC
RIC,CHFS
RIC,CHGG
RIC,CHGX
RIC,CHH
RIC,CHI
RIC,CHIC
RIC,CHIE
RIC,CHIH
RIC,CHII
RIC,CHIK
RIC,CHIL
RIC,CHIM
RIC,CHIQ
RIC,CHIR
RIC,CHIS
RIC,CHIU
RIC,CHIX
RIC,CHK
RIC,CHKE
RIC,CHKP
RIC,CHKR
RIC,CHL
RIC,CHMA
RIC,CHMG
RIC,CHMI
RIC,CHN
RIC,CHNA
RIC,CHNR
RIC,CHRA
RIC,CHRS
RIC,CHRW
RIC,CHS
RIC,CHSP
RIC,CHT
RIC,CHTR
RIC,CHU
RIC,CHUY
RIC,CHW
RIC,CHY
RIC,CI
RIC,CIA
RIC,CIB
RIC,CIBR
RIC,CIC
RIC,CIC=
RIC,CID
RIC,CIDM
RIC,CIEN
RIC,CIF
RIC,CIFS
RIC,CIG
RIC,CIG.C
RIC,CIGI
RIC,CII
RIC,CIK
RIC,CIL
RIC,CIM
RIC,CINF
RIC,CINR
RIC,CIO
RIC,CIR
RIC,CISN
RIC,CIT
RIC,CIVB
RIC,CIVI
RIC,CIX
RIC,CIZ
RIC,CIZN
RIC,CJ
RIC,CJJD
RIC,CJNK
RIC,CKH
RIC,CKPT
RIC,CKX
RIC,CL
RIC,CLAR
RIC,CLB
RIC,CLBK
RIC,CLBS
RIC,CLCT
RIC,CLD
RIC,CLDC
RIC,CLDR
RIC,CLDT
RIC,CLDX
RIC,CLF
RIC,CLFD
RIC,CLGN
RIC,CLGX
RIC,CLH
RIC,CLI
RIC,CLIR
RIC,CLIX
RIC,CLLS
RIC,CLM
RIC,CLMT
RIC,CLNC
RIC,CLNE
RIC,CLNY
RIC,CLPR
RIC,CLPS
RIC,CLR
RIC,CLRB
RIC,CLRG
RIC,CLRO
RIC,CLS
RIC,CLSD
RIC,CLSN
RIC,CLTL
RIC,CLUB
RIC,CLVS
RIC,CLW
RIC,CLWT
RIC,CLX
RIC,CLXT
RIC,CM
RIC,CMA
RIC,CMBS
RIC,CMC
RIC,CMCL
RIC,CMCM
RIC,CMCO
RIC,CMCSA
RIC,CMCT
RIC,CMD
RIC,CMDY
RIC,CME
RIC,CMF
RIC,CMFN
RIC,CMG
RIC,CMI
RIC,CMLS
RIC,CMO
RIC,CMP
RIC,CMPR
RIC,CMRE
RIC,CMRX
RIC,CMS
RIC,CMSS
RIC,CMSSR
RIC,CMSSU
RIC,CMT
RIC,CMTA
RIC,CMTL
RIC,CMU
RIC,CN
RIC,CNA
RIC,CNAC
RIC,CNACR
RIC,CNACU
RIC,CNAT
RIC,CNBKA
RIC,CNC
RIC,CNCE
RIC,CNCR
RIC,CNDT
RIC,CNET
RIC,CNF
RIC,CNFR
RIC,CNHI
RIC,CNHX
RIC,CNI
RIC,CNK
RIC,CNMD
RIC,CNNE
RIC,CNO
RIC,CNOB
RIC,CNP
RIC,CNQ
RIC,CNS
RIC,CNSL
RIC,CNST
RIC,CNTF
RIC,CNTY
RIC,CNX
RIC,CNXM
RIC,CNXN
RIC,CNXT
RIC,CNY
RIC,CNYA
RIC,CO
RIC,COCP
RIC,CODA
RIC,CODI
RIC,CODX
RIC,COE
RIC,COF
RIC,COG
RIC,COHN
RIC,COHR
RIC,COHU
RIC,COKE
RIC,COLB
RIC,COLD
RIC,COLL
RIC,COLM
RIC,COM
RIC,COMB
RIC,COMG
RIC,COMM
RIC,COMT
RIC,CONE
RIC,CONN
RIC,COO
RIC,COOP
RIC,COP
RIC,COPX
RIC,COR
RIC,CORE
RIC,CORN
RIC,CORP
RIC,CORR
RIC,CORT
RIC,CORV
RIC,COST
RIC,COT
RIC,COTY
RIC,COUP
RIC,COW
RIC,COWN
RIC,COWZ
RIC,CP
RIC,CPA
RIC,CPAC
RIC,CPAH
RIC,CPB
RIC,CPE
RIC,CPER
RIC,CPF
RIC,CPG
RIC,CPHC
RIC,CPHI
RIC,CPI
RIC,CPIX
RIC,CPK
RIC,CPL
RIC,CPLG
RIC,CPLP
RIC,CPRI
RIC,CPRT
RIC,CPRX
RIC,CPS
RIC,CPSH
RIC,CPSI
RIC,CPSS
RIC,CPST
RIC,CPT
RIC,CPTA
RIC,CQP
RIC,CQQQ
RIC,CR
RIC,CRAI
RIC,CRAK
RIC,CRAY
RIC,CRBN
RIC,CRBP
RIC,CRC
RIC,CRCM
RIC,CRD.A
RIC,CRD.B
RIC,CREE
RIC,CREG
RIC,CRESY
RIC,CREX
RIC,CRF
RIC,CRH
RIC,CRHM
RIC,CRI
RIC,CRIS
RIC,CRK
RIC,CRL
RIC,CRM
RIC,CRMD
RIC,CRMT
RIC,CRNT
RIC,CRNX
RIC,CROC
RIC,CRON
RIC,CROP
RIC,CROX
RIC,CRR
RIC,CRS
RIC,CRSP
RIC,CRT
RIC,CRTO
RIC,CRUS
RIC,CRVL
RIC,CRVS
RIC,CRWS
RIC,CRY
RIC,CRZO
RIC,CS
RIC,CSA
RIC,CSB
RIC,CSBR
RIC,CSCO
RIC,CSD
RIC,CSF
RIC,CSFL
RIC,CSGP
RIC,CSGS
RIC,CSII
RIC,CSIQ
RIC,CSL
RIC,CSLT
RIC,CSM
RIC,CSML
RIC,CSOD
RIC,CSPI
RIC,CSQ
RIC,CSS
RIC,CSSE
RIC,CSTE
RIC,CSTM
RIC,CSTR
RIC,CSU
RIC,CSV
RIC,CSWC
RIC,CSWI
RIC,CSX
RIC,CTAC
RIC,CTACU
RIC,CTAS
RIC,CTB
RIC,CTBI
RIC,CTEK
RIC,CTG
RIC,CTHR
RIC,CTIB
RIC,CTIC
RIC,CTK
RIC,CTL
RIC,CTLT
RIC,CTMX
RIC,CTO
RIC,CTR
RIC,CTRA
RIC,CTRC
RIC,CTRE
RIC,CTRL
RIC,CTRN
RIC,CTRP
RIC,CTRV
RIC,CTS
RIC,CTSH
RIC,CTSO
RIC,CTT
RIC,CTWS
RIC,CTXR
RIC,CTXS
RIC,CUB
RIC,CUBA
RIC,CUBE
RIC,CUBI
RIC,CUE
RIC,CUI
RIC,CUK
RIC,CULP
RIC,CUMB
RIC,CUO
RIC,CUR
RIC,CURE
RIC,CURO
RIC,CUT
RIC,CUTR
RIC,CUZ
RIC,CVA
RIC,CVBF
RIC,CVCO
RIC,CVCY
RIC,CVE
RIC,CVEO
RIC,CVGI
RIC,CVGW
RIC,CVI
RIC,CVIA
RIC,CVLT
RIC,CVLY
RIC,CVM
RIC,CVNA
RIC,CVR
RIC,CVRR
RIC,CVRS
RIC,CVS
RIC,CVTI
RIC,CVU
RIC,CVV
RIC,CVX
RIC,CVY
RIC,CW
RIC,CWAI
RIC,CWB
RIC,CWBC
RIC,CWBR
RIC,CWCO
RIC,CWEB
RIC,CWEN
RIC,CWEN.A
RIC,CWH
RIC,CWI
RIC,CWK
RIC,CWS
RIC,CWST
RIC,CWT
RIC,CX
RIC,CXDC
RIC,CXE
RIC,CXH
RIC,CXO
RIC,CXP
RIC,CXSE
RIC,CXW
RIC,CY
RIC,CYAD
RIC,CYAN
RIC,CYB
RIC,CYBE
RIC,CYBR
RIC,CYCC
RIC,CYD
RIC,CYH
RIC,CYOU
RIC,CYRN
RIC,CYRX
RIC,CYTK
RIC,CYTR
RIC,CYTX
RIC,CZA
RIC,CZFC
RIC,CZNC
RIC,CZR
RIC,CZWI
RIC,CZZ
RIC,D
RIC,DAC
RIC,DAG
RIC,DAIO
RIC,DAKT
RIC,DAL
RIC,DALI
RIC,DALT
RIC,DAN
RIC,DAR
RIC,DARE
RIC,DATA
RIC,DAUD
RIC,DAVA
RIC,DAVE
RIC,DAX
RIC,DB
RIC,DBA
RIC,DBAP
RIC,DBAW
RIC,DBB
RIC,DBC
RIC,DBD
RIC,DBE
RIC,DBEF
RIC,DBEM
RIC,DBEU
RIC,DBEZ
RIC,DBGR
RIC,DBJP
RIC,DBKO
RIC,DBL
RIC,DBLV
RIC,DBO
RIC,DBP
RIC,DBS
RIC,DBUK
RIC,DBV
RIC,DBVT
RIC,DBX
RIC,DCAR
RIC,DCF
RIC,DCHF
RIC,DCI
RIC,DCIX
RIC,DCO
RIC,DCOM
RIC,DCP
RIC,DCPH
RIC,DDBI
RIC,DDD
RIC,DDE
RIC,DDEZ
RIC,DDF
RIC,DDG
RIC,DDIV
RIC,DDJP
RIC,DDLS
RIC,DDM
RIC,DDMX
RIC,DDMXU
RIC,DDP
RIC,DDS
RIC,DDWM
RIC,DE
RIC,DEA
RIC,DECK
RIC,DEEF
RIC,DEF
RIC,DEFA
RIC,DEI
RIC,DELL
RIC,DELT
RIC,DEM
RIC,DEMG
RIC,DENN
RIC,DEO
RIC,DERM
RIC,DES
RIC,DESC
RIC,DESP
RIC,DEST
RIC,DEUR
RIC,DEUS
RIC,DEW
RIC,DEWJ
RIC,DEX
RIC,DEZU
RIC,DF
RIC,DFBH
RIC,DFBHU
RIC,DFE
RIC,DFEN
RIC,DFFN
RIC,DFIN
RIC,DFJ
RIC,DFND
RIC,DFNL
RIC,DFP
RIC,DFRG
RIC,DFS
RIC,DFVL
RIC,DFVS
RIC,DG
RIC,DGAZ
RIC,DGBP
RIC,DGICA
RIC,DGICB
RIC,DGII
RIC,DGL
RIC,DGLD
RIC,DGLY
RIC,DGP
RIC,DGRE
RIC,DGRO
RIC,DGRS
RIC,DGRW
RIC,DGS
RIC,DGSE
RIC,DGT
RIC,DGX
RIC,DGZ
RIC,DHDG
RIC,DHF
RIC,DHI
RIC,DHIL
RIC,DHR
RIC,DHS
RIC,DHT
RIC,DHVW
RIC,DHX
RIC,DHXM
RIC,DHY
RIC,DIA
RIC,DIAL
RIC,DIAX
RIC,DIG
RIC,DIM
RIC,DIN
RIC,DINT
RIC,DIOD
RIC,DIS
RIC,DISCA
RIC,DISCB
RIC,DISCK
RIC,DISH
RIC,DIT
RIC,DIV
RIC,DIVA
RIC,DIVB
RIC,DIVC
RIC,DIVO
RIC,DIVY
RIC,DJCI
RIC,DJCO
RIC,DJD
RIC,DJP
RIC,DJPY
RIC,DK
RIC,DKL
RIC,DKS
RIC,DL
RIC,DLA
RIC,DLB
RIC,DLBR
RIC,DLBS
RIC,DLHC
RIC,DLN
RIC,DLNG
RIC,DLPH
RIC,DLPN
RIC,DLR
RIC,DLS
RIC,DLTH
RIC,DLTR
RIC,DLX
RIC,DM
RIC,DMAC
RIC,DMB
RIC,DMDV
RIC,DMF
RIC,DMLP
RIC,DMO
RIC,DMPI
RIC,DMRC
RIC,DMRI
RIC,DMRL
RIC,DMRM
RIC,DMRS
RIC,DNB
RIC,DNBF
RIC,DNI
RIC,DNJR
RIC,DNKN
RIC,DNL
RIC,DNLI
RIC,DNN
RIC,DNOW
RIC,DNP
RIC,DNR
RIC,DO
RIC,DOC
RIC,DOCU
RIC,DOD
RIC,DOG
RIC,DOGS
RIC,DOGZ
RIC,DOL
RIC,DOMO
RIC,DON
RIC,DOO
RIC,DOOO
RIC,DOOR
RIC,DORM
RIC,DOV
RIC,DOVA
RIC,DOX
RIC,DPG
RIC,DPK
RIC,DPLO
RIC,DPST
RIC,DPW
RIC,DPZ
RIC,DQ
RIC,DQML
RIC,DRAD
RIC,DRD
RIC,DRE
RIC,DRH
RIC,DRI
RIC,DRIO
RIC,DRIP
RIC,DRIV
RIC,DRN
RIC,DRNA
RIC,DRQ
RIC,DRR
RIC,DRRX
RIC,DRSK
RIC,DRV
RIC,DRW
RIC,DRYS
RIC,DS
RIC,DSE
RIC,DSGX
RIC,DSI
RIC,DSKE
RIC,DSL
RIC,DSLV
RIC,DSM
RIC,DSPG
RIC,DSS
RIC,DSTL
RIC,DSU
RIC,DSUM
RIC,DSW
RIC,DSWL
RIC,DSX
RIC,DTD
RIC,DTE
RIC,DTEA
RIC,DTEC
RIC,DTF
RIC,DTH
RIC,DTN
RIC,DTO
RIC,DTSS
RIC,DTUL
RIC,DTUS
RIC,DTYL
RIC,DTYS
RIC,DUC
RIC,DUG
RIC,DUK
RIC,DURA
RIC,DUSA
RIC,DUSL
RIC,DUST
RIC,DVA
RIC,DVAX
RIC,DVCR
RIC,DVD
RIC,DVEM
RIC,DVHL
RIC,DVLU
RIC,DVN
RIC,DVOL
RIC,DVP
RIC,DVY
RIC,DVYA
RIC,DVYE
RIC,DVYL
RIC,DWAQ
RIC,DWAS
RIC,DWAT
RIC,DWCR
RIC,DWDP
RIC,DWFI
RIC,DWIN
RIC,DWLD
RIC,DWLV
RIC,DWM
RIC,DWMC
RIC,DWMF
RIC,DWPP
RIC,DWSH
RIC,DWSN
RIC,DWT
RIC,DWTR
RIC,DWX
RIC,DX
RIC,DXC
RIC,DXCM
RIC,DXD
RIC,DXF
RIC,DXGE
RIC,DXJ
RIC,DXJF
RIC,DXJS
RIC,DXLG
RIC,DXPE
RIC,DXR
RIC,DXYN
RIC,DY
RIC,DYB
RIC,DYLS
RIC,DYNT
RIC,DYSL
RIC,DYY
RIC,DZK
RIC,DZSI
RIC,DZZ
RIC,E
RIC,EA
RIC,EAD
RIC,EAF
RIC,EAGG
RIC,EAGL
RIC,EAGLU
RIC,EARN
RIC,EARS
RIC,EASG
RIC,EASI
RIC,EAST
RIC,EAT
RIC,EB
RIC,EBAY
RIC,EBF
RIC,EBIX
RIC,EBIZ
RIC,EBMT
RIC,EBND
RIC,EBR
RIC,EBR.B
RIC,EBS
RIC,EBSB
RIC,EBTC
RIC,EC
RIC,ECA
RIC,ECC
RIC,ECF
RIC,ECH
RIC,ECHO
RIC,ECL
RIC,ECNS
RIC,ECOL
RIC,ECOM
RIC,ECON
RIC,ECOR
RIC,ECPG
RIC,ECR
RIC,ECT
RIC,ED
RIC,EDAP
RIC,EDBI
RIC,EDC
RIC,EDD
RIC,EDEN
RIC,EDF
RIC,EDGE
RIC,EDI
RIC,EDIT
RIC,EDIV
RIC,EDN
RIC,EDNT
RIC,EDOG
RIC,EDOM
RIC,EDOW
RIC,EDRY
RIC,EDTX
RIC,EDTXU
RIC,EDU
RIC,EDUC
RIC,EDV
RIC,EDZ
RIC,EE
RIC,EEA
RIC,EEB
RIC,EEFT
RIC,EEH
RIC,EEI
RIC,EELV
RIC,EEM
RIC,EEMA
RIC,EEMD
RIC,EEMO
RIC,EEMS
RIC,EEMV
RIC,EEMX
RIC,EES
RIC,EET
RIC,EEV
RIC,EEX
RIC,EFA
RIC,EFAD
RIC,EFAS
RIC,EFAV
RIC,EFAX
RIC,EFBI
RIC,EFC
RIC,EFF
RIC,EFFE
RIC,EFG
RIC,EFII
RIC,EFL
RIC,EFNL
RIC,EFO
RIC,EFOI
RIC,EFR
RIC,EFSC
RIC,EFT
RIC,EFU
RIC,EFV
RIC,EFX
RIC,EFZ
RIC,EGAN
RIC,EGBN
RIC,EGF
RIC,EGHT
RIC,EGI
RIC,EGIF
RIC,EGLE
RIC,EGO
RIC,EGOV
RIC,EGP
RIC,EGPT
RIC,EGRX
RIC,EGY
RIC,EHC
RIC,EHI
RIC,EHIC
RIC,EHT
RIC,EHTH
RIC,EIDO
RIC,EIDX
RIC,EIG
RIC,EIGI
RIC,EIGR
RIC,EIM
RIC,EIO
RIC,EIP
RIC,EIRL
RIC,EIS
RIC,EIV
RIC,EIX
RIC,EKAR
RIC,EKSO
RIC,EL
RIC,ELAN
RIC,ELD
RIC,ELF
RIC,ELGX
RIC,ELLI
RIC,ELLO
RIC,ELMD
RIC,ELOX
RIC,ELP
RIC,ELS
RIC,ELSE
RIC,ELTK
RIC,ELVT
RIC,ELY
RIC,EMAG
RIC,EMAN
RIC,EMB
RIC,EMBH
RIC,EMCB
RIC,EMCF
RIC,EMCG
RIC,EMCI
RIC,EMD
RIC,EMDV
RIC,EME
RIC,EMEM
RIC,EMES
RIC,EMF
RIC,EMFM
RIC,EMGF
RIC,EMHY
RIC,EMIF
RIC,EMIH
RIC,EMITF
RIC,EMJ
RIC,EMKR
RIC,EML
RIC,EMLC
RIC,EMLP
RIC,EMMF
RIC,EMMS
RIC,EMN
RIC,EMO
RIC,EMQQ
RIC,EMR
RIC,EMSG
RIC,EMSH
RIC,EMTL
RIC,EMTY
RIC,EMX
RIC,EMXC
RIC,ENB
RIC,ENBL
RIC,ENDP
RIC,ENFC
RIC,ENFR
RIC,ENG
RIC,ENIA
RIC,ENIC
RIC,ENLC
RIC,ENLK
RIC,ENOB
RIC,ENOR
RIC,ENPH
RIC,ENR
RIC,ENS
RIC,ENSG
RIC,ENSV
RIC,ENT
RIC,ENTA
RIC,ENTG
RIC,ENTR
RIC,ENTX
RIC,ENV
RIC,ENVA
RIC,ENX
RIC,ENY
RIC,ENZ
RIC,ENZL
RIC,EOD
RIC,EOG
RIC,EOI
RIC,EOLS
RIC,EOS
RIC,EOT
RIC,EPAM
RIC,EPAY
RIC,EPC
RIC,EPD
RIC,EPE
RIC,EPHE
RIC,EPI
RIC,EPIX
RIC,EPM
RIC,EPOL
RIC,EPP
RIC,EPR
RIC,EPRF
RIC,EPRT
RIC,EPS
RIC,EPU
RIC,EPV
RIC,EPZM
RIC,EQ
RIC,EQAL
RIC,EQBK
RIC,EQC
RIC,EQH
RIC,EQIX
RIC,EQL
RIC,EQLT
RIC,EQM
RIC,EQNR
RIC,EQR
RIC,EQRR
RIC,EQS
RIC,EQT
RIC,EQWL
RIC,EQWM
RIC,EQWS
RIC,ERA
RIC,ERC
RIC,ERF
RIC,ERH
RIC,ERI
RIC,ERIC
RIC,ERIE
RIC,ERII
RIC,ERJ
RIC,ERM
RIC,EROS
RIC,ERUS
RIC,ERX
RIC,ERY
RIC,ERYP
RIC,ES
RIC,ESBA
RIC,ESBK
RIC,ESCA
RIC,ESE
RIC,ESEA
RIC,ESG
RIC,ESGD
RIC,ESGE
RIC,ESGF
RIC,ESGG
RIC,ESGL
RIC,ESGN
RIC,ESGR
RIC,ESGS
RIC,ESGU
RIC,ESGV
RIC,ESGW
RIC,ESIO
RIC,ESL
RIC,ESLT
RIC,ESML
RIC,ESNC
RIC,ESND
RIC,ESNT
RIC,ESP
RIC,ESPO
RIC,ESPR
RIC,ESQ
RIC,ESRT
RIC,ESS
RIC,ESSA
RIC,ESTA
RIC,ESTC
RIC,ESTE
RIC,ESTR
RIC,ESV
RIC,ESXB
RIC,ET
RIC,ETB
RIC,ETFC
RIC,ETG
RIC,ETH
RIC,ETHO
RIC,ETJ
RIC,ETM
RIC,ETN
RIC,ETO
RIC,ETON
RIC,ETR
RIC,ETRN
RIC,ETSY
RIC,ETTX
RIC,ETV
RIC,ETW
RIC,ETX
RIC,ETY
RIC,EUDG
RIC,EUDV
RIC,EUFL
RIC,EUFN
RIC,EUFX
RIC,EUM
RIC,EUMV
RIC,EUO
RIC,EURL
RIC,EURN
RIC,EURZ
RIC,EUSA
RIC,EUSC
RIC,EUXL
RIC,EV
RIC,EVA
RIC,EVBG
RIC,EVBN
RIC,EVC
RIC,EVER
RIC,EVF
RIC,EVFM
RIC,EVG
RIC,EVGN
RIC,EVH
RIC,EVI
RIC,EVIX
RIC,EVJ
RIC,EVK
RIC,EVLO
RIC,EVLV
RIC,EVM
RIC,EVN
RIC,EVO
RIC,EVOK
RIC,EVOL
RIC,EVOP
RIC,EVP
RIC,EVR
RIC,EVRG
RIC,EVRI
RIC,EVT
RIC,EVTC
RIC,EVV
RIC,EVX
RIC,EVY
RIC,EW
RIC,EWA
RIC,EWBC
RIC,EWC
RIC,EWCO
RIC,EWD
RIC,EWEM
RIC,EWG
RIC,EWGS
RIC,EWH
RIC,EWI
RIC,EWJ
RIC,EWK
RIC,EWL
RIC,EWM
RIC,EWMC
RIC,EWN
RIC,EWO
RIC,EWP
RIC,EWQ
RIC,EWRE
RIC,EWS
RIC,EWSC
RIC,EWT
RIC,EWU
RIC,EWUS
RIC,EWV
RIC,EWW
RIC,EWX
RIC,EWY
RIC,EWZ
RIC,EWZS
RIC,EXAS
RIC,EXC
RIC,EXD
RIC,EXEL
RIC,EXFO
RIC,EXG
RIC,EXI
RIC,EXIV
RIC,EXK
RIC,EXLS
RIC,EXP
RIC,EXPD
RIC,EXPE
RIC,EXPI
RIC,EXPO
RIC,EXPR
RIC,EXR
RIC,EXT
RIC,EXTN
RIC,EXTR
RIC,EYE
RIC,EYEG
RIC,EYEN
RIC,EYES
RIC,EYLD
RIC,EYPT
RIC,EZA
RIC,EZJ
RIC,EZM
RIC,EZPW
RIC,EZU
RIC,F
RIC,FAAR
RIC,FAB
RIC,FAD
RIC,FAF
RIC,FALN
RIC,FAM
RIC,FAMI
RIC,FAN
RIC,FANG
RIC,FANH
RIC,FARM
RIC,FARO
RIC,FAS
RIC,FAST
RIC,FAT
RIC,FATE
RIC,FAUS
RIC,FAX
RIC,FAZ
RIC,FB
RIC,FBC
RIC,FBGX
RIC,FBHS
RIC,FBIO
RIC,FBIZ
RIC,FBK
RIC,FBM
RIC,FBMS
RIC,FBNC
RIC,FBND
RIC,FBP
RIC,FBSS
RIC,FBT
RIC,FBZ
RIC,FC
RIC,FCA
RIC,FCAL
RIC,FCAN
RIC,FCAP
RIC,FCAU
RIC,FCBC
RIC,FCBP
RIC,FCCO
RIC,FCCY
RIC,FCEF
RIC,FCEL
RIC,FCF
RIC,FCFS
RIC,FCG
RIC,FCN
RIC,FCNCA
RIC,FCO
RIC,FCOM
RIC,FCOR
RIC,FCPT
RIC,FCSC
RIC,FCT
RIC,FCTR
RIC,FCVT
RIC,FCX
RIC,FDBC
RIC,FDC
RIC,FDD
RIC,FDEF
RIC,FDEU
RIC,FDHY
RIC,FDIS
RIC,FDIV
RIC,FDL
RIC,FDLO
RIC,FDM
RIC,FDMO
RIC,FDN
RIC,FDNI
RIC,FDP
RIC,FDRR
RIC,FDS
RIC,FDT
RIC,FDTS
RIC,FDUS
RIC,FDVV
RIC,FDX
RIC,FE
RIC,FEDU
RIC,FEI
RIC,FEIM
RIC,FELE
RIC,FELP
RIC,FEM
RIC,FEMB
RIC,FEMS
RIC,FEN
RIC,FENC
RIC,FENG
RIC,FENY
RIC,FEO
RIC,FEP
RIC,FET
RIC,FEU
RIC,FEUL
RIC,FEUZ
RIC,FEX
RIC,FEYE
RIC,FEZ
RIC,FF
RIC,FFA
RIC,FFBC
RIC,FFBW
RIC,FFC
RIC,FFEU
RIC,FFG
RIC,FFHG
RIC,FFHL
RIC,FFIC
RIC,FFIN
RIC,FFIU
RIC,FFIV
RIC,FFNW
RIC,FFR
RIC,FFSG
RIC,FFTG
RIC,FFTI
RIC,FFTY
RIC,FFWM
RIC,FG
RIC,FGB
RIC,FGBI
RIC,FGD
RIC,FGEN
RIC,FGM
RIC,FGP
RIC,FHB
RIC,FHK
RIC,FHLC
RIC,FHN
RIC,FI
RIC,FIBK
RIC,FIBR
RIC,FICO
RIC,FID
RIC,FIDI
RIC,FIDU
RIC,FIEE
RIC,FIEG
RIC,FIF
RIC,FIHD
RIC,FII
RIC,FILL
RIC,FINU
RIC,FINX
RIC,FINZ
RIC,FIS
RIC,FISI
RIC,FISK
RIC,FISV
RIC,FIT
RIC,FITB
RIC,FIV
RIC,FIVA
RIC,FIVE
RIC,FIVN
RIC,FIW
RIC,FIX
RIC,FIXD
RIC,FIXX
RIC,FIYY
RIC,FIZZ
RIC,FJP
RIC,FKO
RIC,FKU
RIC,FL
RIC,FLAG
RIC,FLAT
RIC,FLAU
RIC,FLAX
RIC,FLBL
RIC,FLBR
RIC,FLC
RIC,FLCA
RIC,FLCH
RIC,FLCO
RIC,FLDM
RIC,FLDR
RIC,FLEE
RIC,FLEH
RIC,FLEU
RIC,FLEX
RIC,FLF
RIC,FLFR
RIC,FLGB
RIC,FLGE
RIC,FLGR
RIC,FLGT
RIC,FLHK
RIC,FLHY
RIC,FLIA
RIC,FLIC
RIC,FLIN
RIC,FLIO
RIC,FLIR
RIC,FLIY
RIC,FLJH
RIC,FLJP
RIC,FLKR
RIC,FLKS
RIC,FLL
RIC,FLLA
RIC,FLLV
RIC,FLM
RIC,FLMB
RIC,FLMI
RIC,FLMN
RIC,FLMX
RIC,FLN
RIC,FLNT
RIC,FLO
RIC,FLOT
RIC,FLOW
RIC,FLQD
RIC,FLQE
RIC,FLQG
RIC,FLQH
RIC,FLQL
RIC,FLQM
RIC,FLQS
RIC,FLR
RIC,FLRN
RIC,FLRT
RIC,FLRU
RIC,FLS
RIC,FLSA
RIC,FLSW
RIC,FLT
RIC,FLTB
RIC,FLTR
RIC,FLTW
RIC,FLWS
RIC,FLXN
RIC,FLXS
RIC,FLY
RIC,FLZA
RIC,FM
RIC,FMAO
RIC,FMAT
RIC,FMB
RIC,FMBH
RIC,FMBI
RIC,FMC
RIC,FMCI
RIC,FMCIU
RIC,FMF
RIC,FMHI
RIC,FMK
RIC,FMN
RIC,FMNB
RIC,FMO
RIC,FMS
RIC,FMX
RIC,FMY
RIC,FN
RIC,FNB
RIC,FNCB
RIC,FNCL
RIC,FND
RIC,FNDA
RIC,FNDB
RIC,FNDC
RIC,FNDE
RIC,FNDF
RIC,FNDX
RIC,FNF
RIC,FNG
RIC,FNGD
RIC,FNGO
RIC,FNGU
RIC,FNGZ
RIC,FNHC
RIC,FNI
RIC,FNJN
RIC,FNK
RIC,FNKO
RIC,FNLC
RIC,FNSR
RIC,FNV
RIC,FNWB
RIC,FNX
RIC,FNY
RIC,FOCS
RIC,FOE
RIC,FOF
RIC,FOLD
RIC,FOMX
RIC,FONE
RIC,FONR
RIC,FOR
RIC,FORD
RIC,FORK
RIC,FORM
RIC,FORR
RIC,FORTY
RIC,FOSL
RIC,FOX
RIC,FOXA
RIC,FOXF
RIC,FPA
RIC,FPAC
RIC,FPAC=
RIC,FPAY
RIC,FPE
RIC,FPEI
RIC,FPF
RIC,FPH
RIC,FPI
RIC,FPL
RIC,FPRX
RIC,FPX
RIC,FPXE
RIC,FPXI
RIC,FQAL
RIC,FR
RIC,FRA
RIC,FRAC
RIC,FRAK
RIC,FRAN
RIC,FRBA
RIC,FRBK
RIC,FRC
RIC,FRD
RIC,FRED
RIC,FREL
RIC,FRGI
RIC,FRI
RIC,FRLG
RIC,FRME
RIC,FRN
RIC,FRO
RIC,FRPH
RIC,FRPT
RIC,FRSH
RIC,FRSX
RIC,FRT
RIC,FRTA
RIC,FSB
RIC,FSBC
RIC,FSBW
RIC,FSCT
RIC,FSD
RIC,FSFG
RIC,FSI
RIC,FSK
RIC,FSLR
RIC,FSM
RIC,FSMB
RIC,FSNN
RIC,FSP
RIC,FSS
RIC,FSTA
RIC,FSTR
RIC,FSV
RIC,FSZ
RIC,FT
RIC,FTA
RIC,FTAC
RIC,FTACU
RIC,FTAG
RIC,FTAI
RIC,FTC
RIC,FTCH
RIC,FTCS
RIC,FTD
RIC,FTDR
RIC,FTEC
RIC,FTEK
RIC,FTEO
RIC,FTF
RIC,FTFT
RIC,FTGC
RIC,FTHI
RIC,FTI
RIC,FTK
RIC,FTLB
RIC,FTLS
RIC,FTNT
RIC,FTNW
RIC,FTR
RIC,FTRI
RIC,FTS
RIC,FTSD
RIC,FTSI
RIC,FTSL
RIC,FTSM
RIC,FTSV
RIC,FTV
RIC,FTVA
RIC,FTXD
RIC,FTXG
RIC,FTXH
RIC,FTXL
RIC,FTXN
RIC,FTXO
RIC,FTXR
RIC,FUD
RIC,FUE
RIC,FUL
RIC,FULT
RIC,FUMB
RIC,FUN
RIC,FUNC
RIC,FUND
RIC,FUSB
RIC,FUT
RIC,FUTY
RIC,FUV
RIC,FV
RIC,FVAL
RIC,FVC
RIC,FVCB
RIC,FVD
RIC,FVE
RIC,FVL
RIC,FWDB
RIC,FWDD
RIC,FWDI
RIC,FWONA
RIC,FWONK
RIC,FWP
RIC,FWRD
RIC,FXA
RIC,FXB
RIC,FXC
RIC,FXCH
RIC,FXD
RIC,FXE
RIC,FXF
RIC,FXG
RIC,FXH
RIC,FXI
RIC,FXL
RIC,FXN
RIC,FXO
RIC,FXP
RIC,FXR
RIC,FXS
RIC,FXSG
RIC,FXU
RIC,FXY
RIC,FXZ
RIC,FYC
RIC,FYLD
RIC,FYT
RIC,FYX
RIC,G
RIC,GAA
RIC,GAB
RIC,GABC
RIC,GAIA
RIC,GAIN
RIC,GAL
RIC,GALT
RIC,GAM
RIC,GAMR
RIC,GARD
RIC,GARS
RIC,GASL
RIC,GASS
RIC,GASX
RIC,GATX
RIC,GAZ
RIC,GBAB
RIC,GBCI
RIC,GBDC
RIC,GBF
RIC,GBIL
RIC,GBL
RIC,GBLI
RIC,GBR
RIC,GBT
RIC,GBX
RIC,GCAP
RIC,GCBC
RIC,GCC
RIC,GCE
RIC,GCI
RIC,GCO
RIC,GCOW
RIC,GCP
RIC,GCV
RIC,GCVRZ
RIC,GD
RIC,GDDY
RIC,GDEN
RIC,GDG
RIC,GDI
RIC,GDL
RIC,GDMA
RIC,GDO
RIC,GDOT
RIC,GDP
RIC,GDS
RIC,GDV
RIC,GDVD
RIC,GDX
RIC,GDXJ
RIC,GDXS
RIC,GDXX
RIC,GE
RIC,GEC
RIC,GECC
RIC,GEF
RIC,GEF.B
RIC,GEL
RIC,GEM
RIC,GEMP
RIC,GEN
RIC,GENC
RIC,GENE
RIC,GENY
RIC,GEO
RIC,GEOS
RIC,GER
RIC,GERN
RIC,GES
RIC,GEVO
RIC,GEX
RIC,GF
RIC,GFED
RIC,GFF
RIC,GFI
RIC,GFN
RIC,GFY
RIC,GG
RIC,GGAL
RIC,GGB
RIC,GGG
RIC,GGM
RIC,GGN
RIC,GGO
RIC,GGT
RIC,GGZ
RIC,GH
RIC,GHC
RIC,GHDX
RIC,GHG
RIC,GHII
RIC,GHL
RIC,GHM
RIC,GHY
RIC,GHYB
RIC,GHYG
RIC,GIB
RIC,GIFI
RIC,GIG
RIC,GIG=
RIC,GIGB
RIC,GIGM
RIC,GIG^
RIC,GII
RIC,GIII
RIC,GIL
RIC,GILD
RIC,GILT
RIC,GIM
RIC,GIS
RIC,GKOS
RIC,GLAC
RIC,GLACR
RIC,GLACU
RIC,GLAD
RIC,GLBS
RIC,GLBY
RIC,GLBZ
RIC,GLD
RIC,GLDD
RIC,GLDI
RIC,GLDM
RIC,GLDW
RIC,GLG
RIC,GLIBA
RIC,GLL
RIC,GLMD
RIC,GLNG
RIC,GLO
RIC,GLOB
RIC,GLOG
RIC,GLOP
RIC,GLOW
RIC,GLP
RIC,GLPG
RIC,GLPI
RIC,GLQ
RIC,GLRE
RIC,GLT
RIC,GLTR
RIC,GLU
RIC,GLUU
RIC,GLV
RIC,GLW
RIC,GLYC
RIC,GM
RIC,GMDA
RIC,GME
RIC,GMED
RIC,GMF
RIC,GMFL
RIC,GMLP
RIC,GMO
RIC,GMOM
RIC,GMRE
RIC,GMS
RIC,GMZ
RIC,GNAF
RIC,GNC
RIC,GNCA
RIC,GNE
RIC,GNK
RIC,GNL
RIC,GNMA
RIC,GNMK
RIC,GNMX
RIC,GNPX
RIC,GNR
RIC,GNRC
RIC,GNRX
RIC,GNT
RIC,GNTX
RIC,GNTY
RIC,GNUS
RIC,GNW
RIC,GOAT
RIC,GOAU
RIC,GOEX
RIC,GOF
RIC,GOGL
RIC,GOGO
RIC,GOL
RIC,GOLD
RIC,GOLF
RIC,GOOD
RIC,GOOG
RIC,GOOGL
RIC,GOOS
RIC,GORO
RIC,GOVT
RIC,GPAQ
RIC,GPAQU
RIC,GPC
RIC,GPI
RIC,GPIC
RIC,GPK
RIC,GPL
RIC,GPM
RIC,GPMT
RIC,GPN
RIC,GPOR
RIC,GPP
RIC,GPRE
RIC,GPRK
RIC,GPRO
RIC,GPS
RIC,GPX
RIC,GQRE
RIC,GRA
RIC,GRAF
RIC,GRAF=
RIC,GRAM
RIC,GRBK
RIC,GRC
RIC,GREK
RIC,GRES
RIC,GRF
RIC,GRFS
RIC,GRI
RIC,GRID
RIC,GRIF
RIC,GRIN
RIC,GRMN
RIC,GRMY
RIC,GRNB
RIC,GRNQ
RIC,GROW
RIC,GRP=
RIC,GRPN
RIC,GRSH
RIC,GRSHU
RIC,GRTS
RIC,GRU
RIC,GRUB
RIC,GRVY
RIC,GRX
RIC,GS
RIC,GSAH
RIC,GSAH=
RIC,GSAT
RIC,GSB
RIC,GSBC
RIC,GSBD
RIC,GSC
RIC,GSD
RIC,GSEU
RIC,GSEW
RIC,GSG
RIC,GSH
RIC,GSHD
RIC,GSIE
RIC,GSIT
RIC,GSJY
RIC,GSK
RIC,GSKY
RIC,GSL
RIC,GSLC
RIC,GSM
RIC,GSP
RIC,GSS
RIC,GSSC
RIC,GSUM
RIC,GSV
RIC,GSVC
RIC,GSY
RIC,GT
RIC,GTE
RIC,GTES
RIC,GTHX
RIC,GTIM
RIC,GTIP
RIC,GTLS
RIC,GTN
RIC,GTN.A
RIC,GTO
RIC,GTS
RIC,GTT
RIC,GTX
RIC,GTXI
RIC,GTY
RIC,GTYH
RIC,GTYHU
RIC,GUDB
RIC,GULF
RIC,GUNR
RIC,GURE
RIC,GURU
RIC,GUSH
RIC,GUT
RIC,GV
RIC,GVA
RIC,GVAL
RIC,GVI
RIC,GVIP
RIC,GVP
RIC,GWB
RIC,GWGH
RIC,GWPH
RIC,GWR
RIC,GWRE
RIC,GWRS
RIC,GWW
RIC,GWX
RIC,GXC
RIC,GXF
RIC,GXG
RIC,GYLD
RIC,GYRO
RIC,GZT
RIC,H
RIC,HA
RIC,HABT
RIC,HACK
RIC,HAE
RIC,HAFC
RIC,HAIN
RIC,HAIR
RIC,HAL
RIC,HALL
RIC,HALO
RIC,HAO
RIC,HAP
RIC,HAS
RIC,HASI
RIC,HAUD
RIC,HAWX
RIC,HAYN
RIC,HBAN
RIC,HBB
RIC,HBCP
RIC,HBI
RIC,HBIO
RIC,HBK
RIC,HBM
RIC,HBMD
RIC,HBNC
RIC,HBP
RIC,HCA
RIC,HCAP
RIC,HCC
RIC,HCCH
RIC,HCCHR
RIC,HCCHU
RIC,HCCI
RIC,HCFT
RIC,HCHC
RIC,HCI
RIC,HCKT
RIC,HCLP
RIC,HCM
RIC,HCP
RIC,HCSG
RIC,HD
RIC,HDAW
RIC,HDB
RIC,HDEF
RIC,HDG
RIC,HDGE
RIC,HDLV
RIC,HDMV
RIC,HDS
RIC,HDSN
RIC,HDV
RIC,HE
RIC,HEAR
RIC,HEB
RIC,HEBT
RIC,HECO
RIC,HEDJ
RIC,HEEM
RIC,HEES
RIC,HEFA
RIC,HEI
RIC,HEI.A
RIC,HELE
RIC,HEP
RIC,HEQ
RIC,HES
RIC,HESM
RIC,HEWC
RIC,HEWG
RIC,HEWI
RIC,HEWJ
RIC,HEWL
RIC,HEWP
RIC,HEWU
RIC,HEWW
RIC,HEWY
RIC,HEZU
RIC,HF
RIC,HFBC
RIC,HFBL
RIC,HFC
RIC,HFFG
RIC,HFRO
RIC,HFWA
RIC,HFXE
RIC,HFXI
RIC,HFXJ
RIC,HGI
RIC,HGSD
RIC,HGSH
RIC,HGV
RIC,HHC
RIC,HHS
RIC,HI
RIC,HIBB
RIC,HIE
RIC,HIFR
RIC,HIFS
RIC,HIG
RIC,HIHO
RIC,HII
RIC,HIIQ
RIC,HIL
RIC,HILO
RIC,HIMX
RIC,HIO
RIC,HIPS
RIC,HIVE
RIC,HIW
RIC,HIX
RIC,HJLI
RIC,HJPX
RIC,HK
RIC,HL
RIC,HLF
RIC,HLG
RIC,HLI
RIC,HLIT
RIC,HLNE
RIC,HLT
RIC,HLTH
RIC,HLX
RIC,HMC
RIC,HMG
RIC,HMHC
RIC,HMI
RIC,HMLP
RIC,HMN
RIC,HMNF
RIC,HMNY
RIC,HMOP
RIC,HMST
RIC,HMSY
RIC,HMTA
RIC,HMTV
RIC,HMY
RIC,HNDL
RIC,HNGR
RIC,HNI
RIC,HNNA
RIC,HNP
RIC,HNRG
RIC,HNW
RIC,HOFT
RIC,HOG
RIC,HOLD
RIC,HOLI
RIC,HOLX
RIC,HOMB
RIC,HOME
RIC,HOML
RIC,HON
RIC,HONE
RIC,HONR
RIC,HOPE
RIC,HOS
RIC,HOV
RIC,HP
RIC,HPE
RIC,HPF
RIC,HPI
RIC,HPJ
RIC,HPP
RIC,HPQ
RIC,HPR
RIC,HPS
RIC,HPT
RIC,HQH
RIC,HQL
RIC,HQY
RIC,HR
RIC,HRB
RIC,HRC
RIC,HRI
RIC,HRL
RIC,HROW
RIC,HRS
RIC,HRTG
RIC,HRTX
RIC,HRZN
RIC,HSBC
RIC,HSC
RIC,HSCZ
RIC,HSDT
RIC,HSGX
RIC,HSIC
RIC,HSII
RIC,HSKA
RIC,HSON
RIC,HSPX
RIC,HSRT
RIC,HST
RIC,HSTM
RIC,HSY
RIC,HT
RIC,HTA
RIC,HTAB
RIC,HTBI
RIC,HTBK
RIC,HTBX
RIC,HTD
RIC,HTGC
RIC,HTGM
RIC,HTH
RIC,HTHT
RIC,HTLD
RIC,HTLF
RIC,HTRB
RIC,HTUS
RIC,HTY
RIC,HTZ
RIC,HUBB
RIC,HUBG
RIC,HUBS
RIC,HUD
RIC,HUM
RIC,HUN
RIC,HUNT
RIC,HUNTU
RIC,HURC
RIC,HURN
RIC,HUSA
RIC,HUSE
RIC,HUSV
RIC,HUYA
RIC,HVBC
RIC,HVT
RIC,HVT.A
RIC,HWBK
RIC,HWC
RIC,HWCC
RIC,HWKN
RIC,HX
RIC,HXL
RIC,HY
RIC,HYAC
RIC,HYACU
RIC,HYB
RIC,HYD
RIC,HYDB
RIC,HYDD
RIC,HYDW
RIC,HYEM
RIC,HYG
RIC,HYGH
RIC,HYGS
RIC,HYGV
RIC,HYHG
RIC,HYI
RIC,HYIH
RIC,HYLB
RIC,HYLD
RIC,HYLS
RIC,HYLV
RIC,HYMB
RIC,HYND
RIC,HYRE
RIC,HYS
RIC,HYT
RIC,HYUP
RIC,HYXE
RIC,HYXU
RIC,HYZD
RIC,HZN
RIC,HZNP
RIC,HZO
RIC,I
RIC,IAC
RIC,IAE
RIC,IAF
RIC,IAG
RIC,IAGG
RIC,IAI
RIC,IAK
RIC,IART
RIC,IAT
RIC,IAU
RIC,IAUF
RIC,IBA
RIC,IBB
RIC,IBCD
RIC,IBCE
RIC,IBCP
RIC,IBD
RIC,IBDC
RIC,IBDD
RIC,IBDK
RIC,IBDL
RIC,IBDM
RIC,IBDN
RIC,IBDO
RIC,IBDP
RIC,IBDQ
RIC,IBDR
RIC,IBDS
RIC,IBDT
RIC,IBIO
RIC,IBKC
RIC,IBKR
RIC,IBM
RIC,IBMH
RIC,IBMI
RIC,IBMJ
RIC,IBMK
RIC,IBML
RIC,IBMM
RIC,IBMN
RIC,IBN
RIC,IBND
RIC,IBOC
RIC,IBP
RIC,IBTX
RIC,IBUY
RIC,ICAD
RIC,ICAN
RIC,ICBK
RIC,ICCC
RIC,ICCH
RIC,ICD
RIC,ICE
RIC,ICF
RIC,ICFI
RIC,ICHR
RIC,ICL
RIC,ICLK
RIC,ICLN
RIC,ICLR
RIC,ICOL
RIC,ICON
RIC,ICOW
RIC,ICPT
RIC,ICSH
RIC,ICUI
RIC,ICVT
RIC,IDA
RIC,IDCC
RIC,IDE
RIC,IDEV
RIC,IDEX
RIC,IDHD
RIC,IDHQ
RIC,IDIV
RIC,IDLB
RIC,IDLV
RIC,IDMO
RIC,IDN
RIC,IDOG
RIC,IDRA
RIC,IDSA
RIC,IDSY
RIC,IDT
RIC,IDTI
RIC,IDU
RIC,IDV
RIC,IDX
RIC,IDXG
RIC,IDXX
RIC,IEA
RIC,IEC
RIC,IECS
RIC,IEDI
RIC,IEF
RIC,IEFA
RIC,IEFN
RIC,IEHS
RIC,IEI
RIC,IEIH
RIC,IEMD
RIC,IEME
RIC,IEMG
RIC,IEMV
RIC,IEO
RIC,IEP
RIC,IESC
RIC,IETC
RIC,IEUR
RIC,IEUS
RIC,IEV
RIC,IEX
RIC,IEZ
RIC,IFEU
RIC,IFF
RIC,IFGL
RIC,IFIX
RIC,IFLY
RIC,IFMK
RIC,IFN
RIC,IFRA
RIC,IFRX
RIC,IFV
RIC,IG
RIC,IGA
RIC,IGBH
RIC,IGD
RIC,IGE
RIC,IGEB
RIC,IGF
RIC,IGHG
RIC,IGI
RIC,IGIB
RIC,IGIH
RIC,IGLB
RIC,IGLD
RIC,IGM
RIC,IGN
RIC,IGOV
RIC,IGR
RIC,IGRO
RIC,IGSB
RIC,IGT
RIC,IGV
RIC,IGVT
RIC,IHC
RIC,IHD
RIC,IHDG
RIC,IHE
RIC,IHF
RIC,IHG
RIC,IHI
RIC,IHIT
RIC,IHT
RIC,IHTA
RIC,IHY
RIC,IHYD
RIC,IHYV
RIC,IID
RIC,IIF
RIC,IIGD
RIC,IIGV
RIC,III
RIC,IIIN
RIC,IIIV
RIC,IIJI
RIC,IIM
RIC,IIN
RIC,IIPR
RIC,IIVI
RIC,IJH
RIC,IJJ
RIC,IJK
RIC,IJR
RIC,IJS
RIC,IJT
RIC,IKNX
RIC,ILF
RIC,ILMN
RIC,ILPT
RIC,ILTB
RIC,IMAX
RIC,IMDZ
RIC,IMFC
RIC,IMFD
RIC,IMFI
RIC,IMFP
RIC,IMGN
RIC,IMH
RIC,IMI
RIC,IMKTA
RIC,IMLP
RIC,IMMP
RIC,IMMR
RIC,IMMU
RIC,IMO
RIC,IMOM
RIC,IMOS
RIC,IMRN
RIC,IMTB
RIC,IMTE
RIC,IMTM
RIC,IMV
RIC,IMXI
RIC,INAP
RIC,INB
RIC,INBK
RIC,INCO
RIC,INCY
RIC,INDA
RIC,INDB
RIC,INDL
RIC,INDS
RIC,INDY
RIC,INF
RIC,INFI
RIC,INFN
RIC,INFO
RIC,INFR
RIC,INFU
RIC,INFY
RIC,ING
RIC,INGN
RIC,INGR
RIC,INKM
RIC,INN
RIC,INNT
RIC,INO
RIC,INOD
RIC,INOV
RIC,INPX
RIC,INR
RIC,INS
RIC,INSE
RIC,INSG
RIC,INSI
RIC,INSM
RIC,INSP
RIC,INST
RIC,INSW
RIC,INSY
RIC,INT
RIC,INTC
RIC,INTF
RIC,INTG
RIC,INTL
RIC,INTT
RIC,INTU
RIC,INUV
RIC,INVA
RIC,INVE
RIC,INVH
RIC,INWK
RIC,INXN
RIC,INXX
RIC,IO
RIC,IONS
RIC,IOO
RIC,IOR
RIC,IOSP
RIC,IOTS
RIC,IOVA
RIC,IP
RIC,IPAC
RIC,IPAR
RIC,IPAS
RIC,IPAY
RIC,IPCI
RIC,IPDN
RIC,IPE
RIC,IPFF
RIC,IPG
RIC,IPGP
RIC,IPHI
RIC,IPHS
RIC,IPI
RIC,IPIC
RIC,IPKW
RIC,IPO
RIC,IPOA
RIC,IPOA=
RIC,IPOS
RIC,IPWR
RIC,IQ
RIC,IQDE
RIC,IQDF
RIC,IQDG
RIC,IQDY
RIC,IQI
RIC,IQIN
RIC,IQLT
RIC,IQV
RIC,IR
RIC,IRBO
RIC,IRBT
RIC,IRCP
RIC,IRDM
RIC,IRET
RIC,IRIX
RIC,IRL
RIC,IRM
RIC,IRMD
RIC,IROQ
RIC,IRR
RIC,IRS
RIC,IRT
RIC,IRTC
RIC,IRWD
RIC,ISBC
RIC,ISCA
RIC,ISCF
RIC,ISD
RIC,ISDR
RIC,ISDS
RIC,ISDX
RIC,ISEM
RIC,ISHG
RIC,ISIG
RIC,ISMD
RIC,ISNS
RIC,ISR
RIC,ISRA
RIC,ISRG
RIC,ISRL
RIC,ISSC
RIC,ISTB
RIC,ISTR
RIC,ISZE
RIC,IT
RIC,ITA
RIC,ITB
RIC,ITCB
RIC,ITCI
RIC,ITE
RIC,ITEQ
RIC,ITG
RIC,ITGR
RIC,ITI
RIC,ITIC
RIC,ITM
RIC,ITOT
RIC,ITP
RIC,ITRI
RIC,ITRM
RIC,ITRN
RIC,ITT
RIC,ITUB
RIC,ITW
RIC,IUS
RIC,IUSB
RIC,IUSG
RIC,IUSS
RIC,IUSV
RIC,IVAC
RIC,IVAL
RIC,IVC
RIC,IVE
RIC,IVH
RIC,IVLU
RIC,IVOG
RIC,IVOO
RIC,IVOV
RIC,IVR
RIC,IVV
RIC,IVW
RIC,IVZ
RIC,IWB
RIC,IWC
RIC,IWD
RIC,IWF
RIC,IWL
RIC,IWM
RIC,IWN
RIC,IWO
RIC,IWP
RIC,IWR
RIC,IWS
RIC,IWV
RIC,IWX
RIC,IWY
RIC,IX
RIC,IXC
RIC,IXG
RIC,IXJ
RIC,IXN
RIC,IXP
RIC,IXUS
RIC,IYC
RIC,IYE
RIC,IYF
RIC,IYG
RIC,IYH
RIC,IYJ
RIC,IYK
RIC,IYLD
RIC,IYM
RIC,IYR
RIC,IYT
RIC,IYW
RIC,IYY
RIC,IYZ
RIC,IZEA
RIC,IZRL
RIC,JACK
RIC,JAG
RIC,JAGG
RIC,JAGX
RIC,JAKK
RIC,JASN
RIC,JAX
RIC,JAZZ
RIC,JBGS
RIC,JBHT
RIC,JBL
RIC,JBLU
RIC,JBSS
RIC,JBT
RIC,JCAP
RIC,JCE
RIC,JCI
RIC,JCO
RIC,JCOM
RIC,JCP
RIC,JCS
RIC,JCTCF
RIC,JD
RIC,JDD
RIC,JDIV
RIC,JDST
RIC,JE
RIC,JEC
RIC,JEF
RIC,JELD
RIC,JEMD
RIC,JEQ
RIC,JETS
RIC,JFR
RIC,JG
RIC,JGH
RIC,JHAA
RIC,JHB
RIC,JHD
RIC,JHDG
RIC,JHEM
RIC,JHG
RIC,JHI
RIC,JHMA
RIC,JHMC
RIC,JHMD
RIC,JHME
RIC,JHMF
RIC,JHMH
RIC,JHMI
RIC,JHML
RIC,JHMM
RIC,JHMS
RIC,JHMT
RIC,JHMU
RIC,JHS
RIC,JHSC
RIC,JHX
RIC,JHY
RIC,JIGB
RIC,JILL
RIC,JJA
RIC,JJC
RIC,JJE
RIC,JJG
RIC,JJM
RIC,JJN
RIC,JJP
RIC,JJS
RIC,JJSF
RIC,JJT
RIC,JJU
RIC,JKD
RIC,JKE
RIC,JKF
RIC,JKG
RIC,JKH
RIC,JKHY
RIC,JKI
RIC,JKJ
RIC,JKK
RIC,JKL
RIC,JKS
RIC,JLL
RIC,JLS
RIC,JMBS
RIC,JMEI
RIC,JMF
RIC,JMIN
RIC,JMLP
RIC,JMM
RIC,JMOM
RIC,JMP
RIC,JMST
RIC,JMT
RIC,JMU
RIC,JMUB
RIC,JNCE
RIC,JNJ
RIC,JNK
RIC,JNPR
RIC,JNUG
RIC,JO
RIC,JOB
RIC,JOBS
RIC,JOE
RIC,JOF
RIC,JOUT
RIC,JP
RIC,JPBI
RIC,JPC
RIC,JPED
RIC,JPEH
RIC,JPEM
RIC,JPEU
RIC,JPGB
RIC,JPGE
RIC,JPHF
RIC,JPHY
RIC,JPI
RIC,JPIH
RIC,JPIN
RIC,JPLS
RIC,JPM
RIC,JPMB
RIC,JPME
RIC,JPMF
RIC,JPMV
RIC,JPN
RIC,JPNL
RIC,JPS
RIC,JPSE
RIC,JPST
RIC,JPT
RIC,JPUS
RIC,JPXN
RIC,JQC
RIC,JQUA
RIC,JRI
RIC,JRJC
RIC,JRO
RIC,JRS
RIC,JRSH
RIC,JRVR
RIC,JSD
RIC,JSMD
RIC,JSML
RIC,JSYN
RIC,JSYNR
RIC,JSYNU
RIC,JT
RIC,JTA
RIC,JTD
RIC,JUST
RIC,JVA
RIC,JVAL
RIC,JW.A
RIC,JW.B
RIC,JWN
RIC,JXI
RIC,JYNT
RIC,K
RIC,KAI
RIC,KALA
RIC,KALL
RIC,KALU
RIC,KALV
RIC,KAMN
RIC,KANG
RIC,KAR
RIC,KARS
RIC,KB
RIC,KBA
RIC,KBAL
RIC,KBE
RIC,KBH
RIC,KBLM
RIC,KBLMR
RIC,KBLMU
RIC,KBR
RIC,KBSF
RIC,KBWB
RIC,KBWD
RIC,KBWP
RIC,KBWR
RIC,KBWY
RIC,KCAP
RIC,KCCB
RIC,KCE
RIC,KCNY
RIC,KDMN
RIC,KDP
RIC,KE
RIC,KEG
RIC,KELYA
RIC,KELYB
RIC,KEM
RIC,KEMQ
RIC,KEN
RIC,KEP
RIC,KEQU
RIC,KEX
RIC,KEY
RIC,KEYS
RIC,KEYW
RIC,KF
RIC,KFFB
RIC,KFRC
RIC,KFS
RIC,KFY
RIC,KFYP
RIC,KGC
RIC,KGJI
RIC,KGRN
RIC,KHC
RIC,KIDS
RIC,KIE
RIC,KIM
RIC,KIN
RIC,KINS
RIC,KIO
RIC,KIQ
RIC,KIRK
RIC,KKR
RIC,KL
RIC,KLAC
RIC,KLDW
RIC,KLIC
RIC,KLXE
RIC,KMB
RIC,KMDA
RIC,KMED
RIC,KMF
RIC,KMI
RIC,KMPH
RIC,KMPR
RIC,KMT
RIC,KMX
RIC,KN
RIC,KNDI
RIC,KNG
RIC,KNL
RIC,KNOP
RIC,KNOW
RIC,KNSA
RIC,KNSL
RIC,KNX
RIC,KO
RIC,KOD
RIC,KODK
RIC,KOF
RIC,KOIN
RIC,KOL
RIC,KOLD
RIC,KOMP
RIC,KONA
RIC,KOOL
RIC,KOP
RIC,KOPN
RIC,KORP
RIC,KORU
RIC,KOS
RIC,KOSS
RIC,KPFS
RIC,KPTI
RIC,KR
RIC,KRA
RIC,KRC
RIC,KRE
RIC,KREF
RIC,KRG
RIC,KRMA
RIC,KRNT
RIC,KRNY
RIC,KRO
RIC,KRP
RIC,KRYS
RIC,KSA
RIC,KSM
RIC,KSS
RIC,KSU
RIC,KT
RIC,KTCC
RIC,KTF
RIC,KTOS
RIC,KTOV
RIC,KURA
RIC,KURE
RIC,KVHI
RIC,KW
RIC,KWEB
RIC,KWR
RIC,KXI
RIC,KYN
RIC,KZIA
RIC,KZR
RIC,L
RIC,LABD
RIC,LABL
RIC,LABU
RIC,LAC
RIC,LACK
RIC,LACQ
RIC,LACQU
RIC,LAD
RIC,LADR
RIC,LAIX
RIC,LAKE
RIC,LALT
RIC,LAMR
RIC,LANC
RIC,LAND
RIC,LARK
RIC,LASR
RIC,LAUR
RIC,LAWS
RIC,LAZ
RIC,LAZY
RIC,LB
RIC,LBAI
RIC,LBC
RIC,LBDC
RIC,LBJ
RIC,LBRDA
RIC,LBRDK
RIC,LBRT
RIC,LBTYA
RIC,LBTYB
RIC,LBTYK
RIC,LBY
RIC,LC
RIC,LCI
RIC,LCII
RIC,LCNB
RIC,LCUT
RIC,LD
RIC,LDL
RIC,LDOS
RIC,LDP
RIC,LDRI
RIC,LDRS
RIC,LDUR
RIC,LE
RIC,LEA
RIC,LEAD
RIC,LEAF
RIC,LECO
RIC,LEDS
RIC,LEE
RIC,LEG
RIC,LEGH
RIC,LEGR
RIC,LEJU
RIC,LEMB
RIC,LEN
RIC,LEN.B
RIC,LENS
RIC,LEO
RIC,LEU
RIC,LEVB
RIC,LEVL
RIC,LEXEA
RIC,LEXEB
RIC,LFAC
RIC,LFACU
RIC,LFC
RIC,LFEQ
RIC,LFUS
RIC,LFVN
RIC,LGC
RIC,LGC=
RIC,LGCY
RIC,LGF.A
RIC,LGF.B
RIC,LGI
RIC,LGIH
RIC,LGL
RIC,LGLV
RIC,LGND
RIC,LH
RIC,LHC
RIC,LHC=
RIC,LHCG
RIC,LIFE
RIC,LII
RIC,LILA
RIC,LILAK
RIC,LIN
RIC,LINC
RIC,LIND
RIC,LINK
RIC,LION
RIC,LIQT
RIC,LIT
RIC,LITB
RIC,LITE
RIC,LIVE
RIC,LIVN
RIC,LIVX
RIC,LJPC
RIC,LKCO
RIC,LKFN
RIC,LKOR
RIC,LKQ
RIC,LKSD
RIC,LL
RIC,LLEX
RIC,LLIT
RIC,LLL
RIC,LLNW
RIC,LLQD
RIC,LLY
RIC,LM
RIC,LMAT
RIC,LMB
RIC,LMBS
RIC,LMFA
RIC,LMLP
RIC,LMNR
RIC,LMNX
RIC,LMRK
RIC,LMST
RIC,LMT
RIC,LN
RIC,LNC
RIC,LND
RIC,LNDC
RIC,LNG
RIC,LNGR
RIC,LNN
RIC,LNT
RIC,LNTH
RIC,LOAC
RIC,LOACR
RIC,LOACU
RIC,LOAN
RIC,LOB
RIC,LOCO
RIC,LODE
RIC,LOGC
RIC,LOGI
RIC,LOGM
RIC,LOMA
RIC,LONE
RIC,LOOP
RIC,LOPE
RIC,LOR
RIC,LORL
RIC,LOUP
RIC,LOV
RIC,LOVE
RIC,LOW
RIC,LOWC
RIC,LOXO
RIC,LPCN
RIC,LPG
RIC,LPI
RIC,LPL
RIC,LPLA
RIC,LPSN
RIC,LPT
RIC,LPTH
RIC,LPTX
RIC,LPX
RIC,LQD
RIC,LQDA
RIC,LQDH
RIC,LQDI
RIC,LQDT
RIC,LRAD
RIC,LRCX
RIC,LRET
RIC,LRGE
RIC,LRGF
RIC,LRN
RIC,LSAF
RIC,LSBK
RIC,LSCC
RIC,LSI
RIC,LSST
RIC,LSTR
RIC,LSXMA
RIC,LSXMB
RIC,LSXMK
RIC,LTBR
RIC,LTC
RIC,LTHM
RIC,LTL
RIC,LTM
RIC,LTN
RIC,LTN=
RIC,LTN^
RIC,LTPZ
RIC,LTRPA
RIC,LTRPB
RIC,LTRX
RIC,LTS
RIC,LTXB
RIC,LUB
RIC,LULU
RIC,LUNA
RIC,LUV
RIC,LVHB
RIC,LVHD
RIC,LVHE
RIC,LVHI
RIC,LVIN
RIC,LVL
RIC,LVS
RIC,LVUS
RIC,LW
RIC,LWAY
RIC,LX
RIC,LXFR
RIC,LXFT
RIC,LXP
RIC,LXRX
RIC,LXU
RIC,LYB
RIC,LYG
RIC,LYL
RIC,LYTS
RIC,LYV
RIC,LZB
RIC,M
RIC,MA
RIC,MAA
RIC,MAC
RIC,MACK
RIC,MAG
RIC,MAGA
RIC,MAGS
RIC,MAIN
RIC,MAMS
RIC,MAN
RIC,MANH
RIC,MANT
RIC,MANU
RIC,MAR
RIC,MARA
RIC,MARK
RIC,MARPS
RIC,MAS
RIC,MASI
RIC,MAT
RIC,MATW
RIC,MATX
RIC,MAV
RIC,MAXR
RIC,MAYS
RIC,MB
RIC,MBB
RIC,MBCN
RIC,MBFI
RIC,MBG
RIC,MBI
RIC,MBII
RIC,MBIN
RIC,MBIO
RIC,MBOT
RIC,MBRX
RIC,MBSD
RIC,MBT
RIC,MBTF
RIC,MBUU
RIC,MBWM
RIC,MC
RIC,MCA
RIC,MCB
RIC,MCBC
RIC,MCC
RIC,MCD
RIC,MCEF
RIC,MCEP
RIC,MCF
RIC,MCFT
RIC,MCHI
RIC,MCHP
RIC,MCHX
RIC,MCI
RIC,MCK
RIC,MCN
RIC,MCO
RIC,MCR
RIC,MCRB
RIC,MCRI
RIC,MCRN
RIC,MCRO
RIC,MCS
RIC,MCY
RIC,MD
RIC,MDB
RIC,MDC
RIC,MDCA
RIC,MDCO
RIC,MDGL
RIC,MDGS
RIC,MDIV
RIC,MDJH
RIC,MDLY
RIC,MDLZ
RIC,MDP
RIC,MDR
RIC,MDRR
RIC,MDRX
RIC,MDSO
RIC,MDT
RIC,MDU
RIC,MDWD
RIC,MDY
RIC,MDYG
RIC,MDYV
RIC,MEAR
RIC,MED
RIC,MEDP
RIC,MEET
RIC,MEI
RIC,MEIP
RIC,MELI
RIC,MELR
RIC,MEN
RIC,MEOH
RIC,MERC
RIC,MESA
RIC,MESO
RIC,MET
RIC,METC
RIC,MEXX
RIC,MFA
RIC,MFAC
RIC,MFAC=
RIC,MFC
RIC,MFCB
RIC,MFD
RIC,MFDX
RIC,MFEM
RIC,MFG
RIC,MFGP
RIC,MFIN
RIC,MFL
RIC,MFM
RIC,MFMS
RIC,MFNC
RIC,MFSF
RIC,MFT
RIC,MFUS
RIC,MFV
RIC,MG
RIC,MGA
RIC,MGC
RIC,MGEE
RIC,MGEN
RIC,MGF
RIC,MGI
RIC,MGIC
RIC,MGK
RIC,MGLN
RIC,MGM
RIC,MGNX
RIC,MGP
RIC,MGPI
RIC,MGRC
RIC,MGTA
RIC,MGTX
RIC,MGU
RIC,MGV
RIC,MGY
RIC,MGYR
RIC,MHD
RIC,MHE
RIC,MHF
RIC,MHH
RIC,MHI
RIC,MHK
RIC,MHLD
RIC,MHN
RIC,MHO
RIC,MIC
RIC,MICR
RIC,MICT
RIC,MIDD
RIC,MIDU
RIC,MIDZ
RIC,MIE
RIC,MIK
RIC,MILN
RIC,MIME
RIC,MIN
RIC,MINC
RIC,MIND
RIC,MINI
RIC,MINT
RIC,MITK
RIC,MITT
RIC,MIXT
RIC,MIY
RIC,MJ
RIC,MJCO
RIC,MKC
RIC,MKC.V
RIC,MKGI
RIC,MKL
RIC,MKSI
RIC,MKTX
RIC,MLAB
RIC,MLCO
RIC,MLHR
RIC,MLI
RIC,MLM
RIC,MLN
RIC,MLND
RIC,MLNT
RIC,MLNX
RIC,MLP
RIC,MLPA
RIC,MLPB
RIC,MLPC
RIC,MLPE
RIC,MLPG
RIC,MLPI
RIC,MLPO
RIC,MLPQ
RIC,MLPX
RIC,MLPY
RIC,MLPZ
RIC,MLQD
RIC,MLR
RIC,MLSS
RIC,MLTI
RIC,MLVF
RIC,MMAC
RIC,MMC
RIC,MMD
RIC,MMDM
RIC,MMDMR
RIC,MMDMU
RIC,MMI
RIC,MMIN
RIC,MMIT
RIC,MMLP
RIC,MMM
RIC,MMP
RIC,MMS
RIC,MMSI
RIC,MMT
RIC,MMTM
RIC,MMU
RIC,MMV
RIC,MMYT
RIC,MN
RIC,MNA
RIC,MNDO
RIC,MNE
RIC,MNGA
RIC,MNI
RIC,MNK
RIC,MNKD
RIC,MNLO
RIC,MNOV
RIC,MNP
RIC,MNR
RIC,MNRO
RIC,MNST
RIC,MNTA
RIC,MNTX
RIC,MO
RIC,MOAT
RIC,MOBL
RIC,MOC
RIC,MOD
RIC,MODN
RIC,MOFG
RIC,MOG.A
RIC,MOG.B
RIC,MOGO
RIC,MOGU
RIC,MOH
RIC,MOM
RIC,MOMO
RIC,MOO
RIC,MOR
RIC,MORL
RIC,MORN
RIC,MORT
RIC,MOS
RIC,MOSC
RIC,MOSC=
RIC,MOSY
RIC,MOTI
RIC,MOTS
RIC,MOV
RIC,MOXC
RIC,MPA
RIC,MPAA
RIC,MPB
RIC,MPC
RIC,MPLX
RIC,MPO
RIC,MPV
RIC,MPVD
RIC,MPW
RIC,MPWR
RIC,MPX
RIC,MQT
RIC,MQY
RIC,MRAM
RIC,MRBK
RIC,MRC
RIC,MRCC
RIC,MRCY
RIC,MRGR
RIC,MRIN
RIC,MRK
RIC,MRKR
RIC,MRLN
RIC,MRNA
RIC,MRNS
RIC,MRO
RIC,MRRL
RIC,MRSN
RIC,MRT
RIC,MRTN
RIC,MRTX
RIC,MRUS
RIC,MRVL
RIC,MS
RIC,MSA
RIC,MSB
RIC,MSBF
RIC,MSBI
RIC,MSC
RIC,MSCI
RIC,MSD
RIC,MSEX
RIC,MSF
RIC,MSFT
RIC,MSG
RIC,MSGN
RIC,MSI
RIC,MSL
RIC,MSM
RIC,MSN
RIC,MSON
RIC,MSTR
RIC,MSUS
RIC,MSVB
RIC,MT
RIC,MTB
RIC,MTBC
RIC,MTC
RIC,MTCH
RIC,MTD
RIC,MTDR
RIC,MTEC
RIC,MTECU
RIC,MTEM
RIC,MTEX
RIC,MTFB
RIC,MTG
RIC,MTH
RIC,MTL
RIC,MTL-
RIC,MTLS
RIC,MTN
RIC,MTNB
RIC,MTOR
RIC,MTP
RIC,MTR
RIC,MTRN
RIC,MTRX
RIC,MTSC
RIC,MTSI
RIC,MTSL
RIC,MTT
RIC,MTUM
RIC,MTW
RIC,MTX
RIC,MTZ
RIC,MU
RIC,MUA
RIC,MUB
RIC,MUC
RIC,MUDS
RIC,MUDSU
RIC,MUE
RIC,MUFG
RIC,MUH
RIC,MUI
RIC,MUJ
RIC,MUNI
RIC,MUR
RIC,MUS
RIC,MUSA
RIC,MUST
RIC,MUX
RIC,MVBF
RIC,MVC
RIC,MVF
RIC,MVIN
RIC,MVIS
RIC,MVO
RIC,MVT
RIC,MVV
RIC,MWA
RIC,MX
RIC,MXC
RIC,MXDE
RIC,MXDU
RIC,MXE
RIC,MXF
RIC,MXI
RIC,MXIM
RIC,MXL
RIC,MXWL
RIC,MYC
RIC,MYD
RIC,MYE
RIC,MYF
RIC,MYFW
RIC,MYGN
RIC,MYI
RIC,MYJ
RIC,MYL
RIC,MYN
RIC,MYND
RIC,MYO
RIC,MYOK
RIC,MYOS
RIC,MYOV
RIC,MYRG
RIC,MYSZ
RIC,MYY
RIC,MZA
RIC,MZZ
RIC,NAC
RIC,NACP
RIC,NAD
RIC,NAII
RIC,NAIL
RIC,NAK
RIC,NAKD
RIC,NAN
RIC,NANO
RIC,NANR
RIC,NAO
RIC,NAOV
RIC,NAT
RIC,NATH
RIC,NATI
RIC,NATR
RIC,NAUH
RIC,NAV
RIC,NAVB
RIC,NAVG
RIC,NAVI
RIC,NAZ
RIC,NBB
RIC,NBEV
RIC,NBH
RIC,NBHC
RIC,NBIX
RIC,NBL
RIC,NBLX
RIC,NBN
RIC,NBO
RIC,NBR
RIC,NBRV
RIC,NBTB
RIC,NBW
RIC,NBY
RIC,NC
RIC,NCA
RIC,NCB
RIC,NCBS
RIC,NCI
RIC,NCLH
RIC,NCMI
RIC,NCNA
RIC,NCOM
RIC,NCR
RIC,NCS
RIC,NCSM
RIC,NCTY
RIC,NCV
RIC,NCZ
RIC,NDAQ
RIC,NDLS
RIC,NDP
RIC,NDRA
RIC,NDSN
RIC,NE
RIC,NEA
RIC,NEAR
RIC,NEBU
RIC,NEBUU
RIC,NEE
RIC,NEED
RIC,NEM
RIC,NEN
RIC,NEO
RIC,NEOG
RIC,NEON
RIC,NEOS
RIC,NEP
RIC,NEPT
RIC,NERV
RIC,NES
RIC,NESR
RIC,NETE
RIC,NETS
RIC,NEU
RIC,NEV
RIC,NEW
RIC,NEWA
RIC,NEWM
RIC,NEWR
RIC,NEWT
RIC,NEXA
RIC,NEXT
RIC,NFBK
RIC,NFC
RIC,NFC=
RIC,NFEC
RIC,NFG
RIC,NFJ
RIC,NFLT
RIC,NFLX
RIC,NFO
RIC,NFRA
RIC,NFTY
RIC,NFX
RIC,NG
RIC,NGD
RIC,NGE
RIC,NGG
RIC,NGHC
RIC,NGL
RIC,NGS
RIC,NGVC
RIC,NGVT
RIC,NH
RIC,NHA
RIC,NHC
RIC,NHF
RIC,NHI
RIC,NHLD
RIC,NHS
RIC,NHTC
RIC,NI
RIC,NIB
RIC,NICE
RIC,NICK
RIC,NID
RIC,NIE
RIC,NIHD
RIC,NIM
RIC,NINE
RIC,NIO
RIC,NIQ
RIC,NITE
RIC,NIU
RIC,NJR
RIC,NJV
RIC,NK
RIC,NKE
RIC,NKG
RIC,NKSH
RIC,NKTR
RIC,NKX
RIC,NL
RIC,NLNK
RIC,NLR
RIC,NLS
RIC,NLSN
RIC,NLY
RIC,NM
RIC,NMCI
RIC,NMFC
RIC,NMI
RIC,NMIH
RIC,NML
RIC,NMM
RIC,NMR
RIC,NMRD
RIC,NMRK
RIC,NMS
RIC,NMT
RIC,NMY
RIC,NMZ
RIC,NNA
RIC,NNBR
RIC,NNC
RIC,NNDM
RIC,NNI
RIC,NNN
RIC,NNVC
RIC,NNY
RIC,NOA
RIC,NOAH
RIC,NOBL
RIC,NOC
RIC,NODK
RIC,NOG
RIC,NOK
RIC,NOM
RIC,NOMD
RIC,NORW
RIC,NOV
RIC,NOVN
RIC,NOVT
RIC,NOW
RIC,NP
RIC,NPK
RIC,NPN
RIC,NPO
RIC,NPTN
RIC,NPV
RIC,NQP
RIC,NR
RIC,NRC
RIC,NRCG
RIC,NRE
RIC,NRG
RIC,NRIM
RIC,NRK
RIC,NRO
RIC,NRP
RIC,NRT
RIC,NRZ
RIC,NS
RIC,NSA
RIC,NSC
RIC,NSEC
RIC,NSIT
RIC,NSL
RIC,NSP
RIC,NSPR
RIC,NSSC
RIC,NSTG
RIC,NSU
RIC,NSYS
RIC,NTAP
RIC,NTB
RIC,NTC
RIC,NTCT
RIC,NTEC
RIC,NTES
RIC,NTG
RIC,NTGN
RIC,NTGR
RIC,NTIC
RIC,NTIP
RIC,NTLA
RIC,NTN
RIC,NTNX
RIC,NTP
RIC,NTR
RIC,NTRA
RIC,NTRI
RIC,NTRP
RIC,NTRS
RIC,NTSX
RIC,NTWK
RIC,NTX
RIC,NTZ
RIC,NUAG
RIC,NUAN
RIC,NUBD
RIC,NUDM
RIC,NUE
RIC,NUEM
RIC,NUGT
RIC,NULG
RIC,NULV
RIC,NUM
RIC,NUMG
RIC,NUMV
RIC,NUO
RIC,NURE
RIC,NURO
RIC,NUS
RIC,NUSA
RIC,NUSC
RIC,NUV
RIC,NUVA
RIC,NUW
RIC,NVAX
RIC,NVCN
RIC,NVCR
RIC,NVDA
RIC,NVEC
RIC,NVEE
RIC,NVFY
RIC,NVG
RIC,NVGS
RIC,NVIV
RIC,NVLN
RIC,NVMI
RIC,NVMM
RIC,NVO
RIC,NVR
RIC,NVRO
RIC,NVS
RIC,NVT
RIC,NVTA
RIC,NVTR
RIC,NVUS
RIC,NWBI
RIC,NWE
RIC,NWFL
RIC,NWHM
RIC,NWL
RIC,NWLI
RIC,NWN
RIC,NWPX
RIC,NWS
RIC,NWSA
RIC,NX
RIC,NXC
RIC,NXE
RIC,NXEO
RIC,NXEOU
RIC,NXGN
RIC,NXJ
RIC,NXN
RIC,NXP
RIC,NXPI
RIC,NXQ
RIC,NXR
RIC,NXRT
RIC,NXST
RIC,NXTD
RIC,NXTM
RIC,NYCB
RIC,NYF
RIC,NYMT
RIC,NYMX
RIC,NYNY
RIC,NYT
RIC,NYV
RIC,NZF
RIC,O
RIC,OAK
RIC,OAS
RIC,OASM
RIC,OBAS
RIC,OBCI
RIC,OBE
RIC,OBLN
RIC,OBNK
RIC,OBOR
RIC,OBSV
RIC,OC
RIC,OCC
RIC,OCCI
RIC,OCFC
RIC,OCIO
RIC,OCN
RIC,OCSI
RIC,OCSL
RIC,OCUL
RIC,OCX
RIC,ODC
RIC,ODFL
RIC,ODP
RIC,ODT
RIC,OEC
RIC,OEF
RIC,OESX
RIC,OEUR
RIC,OEW
RIC,OFC
RIC,OFED
RIC,OFG
RIC,OFIX
RIC,OFLX
RIC,OFS
RIC,OGCP
RIC,OGE
RIC,OGEN
RIC,OGIG
RIC,OGS
RIC,OHAI
RIC,OHGI
RIC,OHI
RIC,OHRP
RIC,OI
RIC,OIA
RIC,OIBR.C
RIC,OIH
RIC,OII
RIC,OIIM
RIC,OIL
RIC,OILD
RIC,OILK
RIC,OILU
RIC,OILX
RIC,OIS
RIC,OKE
RIC,OKTA
RIC,OLBK
RIC,OLD
RIC,OLED
RIC,OLEM
RIC,OLLI
RIC,OLN
RIC,OLO
RIC,OLP
RIC,OMAB
RIC,OMAD
RIC,OMAD=
RIC,OMC
RIC,OMCL
RIC,OMED
RIC,OMER
RIC,OMEX
RIC,OMF
RIC,OMFL
RIC,OMFS
RIC,OMI
RIC,OMN
RIC,OMOM
RIC,OMP
RIC,ON
RIC,ONB
RIC,ONCE
RIC,ONCS
RIC,ONCY
RIC,ONDK
RIC,ONE
RIC,ONEO
RIC,ONEQ
RIC,ONEV
RIC,ONEY
RIC,ONLN
RIC,ONTX
RIC,ONVO
RIC,OOMA
RIC,OPB
RIC,OPBK
RIC,OPER
RIC,OPES
RIC,OPESU
RIC,OPGN
RIC,OPHC
RIC,OPHT
RIC,OPI
RIC,OPK
RIC,OPNT
RIC,OPOF
RIC,OPP
RIC,OPRA
RIC,OPRX
RIC,OPTN
RIC,OPTT
RIC,OPY
RIC,OQAL
RIC,OR
RIC,ORA
RIC,ORAN
RIC,ORBC
RIC,ORBK
RIC,ORC
RIC,ORCL
RIC,ORG
RIC,ORGO
RIC,ORGS
RIC,ORI
RIC,ORIT
RIC,ORLY
RIC,ORM
RIC,ORMP
RIC,ORN
RIC,ORPN
RIC,ORRF
RIC,ORTX
RIC,OSB
RIC,OSBC
RIC,OSCV
RIC,OSG
RIC,OSIR
RIC,OSIS
RIC,OSIZ
RIC,OSK
RIC,OSMT
RIC,OSN
RIC,OSPN
RIC,OSS
RIC,OSTK
RIC,OSUR
RIC,OTEL
RIC,OTEX
RIC,OTIC
RIC,OTIV
RIC,OTLK
RIC,OTTR
RIC,OTTW
RIC,OUNZ
RIC,OUSA
RIC,OUSM
RIC,OUT
RIC,OVBC
RIC,OVID
RIC,OVLC
RIC,OVLU
RIC,OVLY
RIC,OVOL
RIC,OXBR
RIC,OXFD
RIC,OXLC
RIC,OXM
RIC,OXSQ
RIC,OXY
RIC,OYLD
RIC,OZK
RIC,OZM
RIC,P
RIC,PAA
RIC,PAAS
RIC,PAC
RIC,PACA
RIC,PACB
RIC,PACD
RIC,PACQ
RIC,PACQU
RIC,PACW
RIC,PAF
RIC,PAG
RIC,PAGG
RIC,PAGP
RIC,PAGS
RIC,PAH
RIC,PAHC
RIC,PAI
RIC,PAK
RIC,PALL
RIC,PAM
RIC,PANL
RIC,PANW
RIC,PAR
RIC,PARR
RIC,PASS
RIC,PATI
RIC,PATK
RIC,PAVE
RIC,PAVM
RIC,PAWZ
RIC,PAYC
RIC,PAYX
RIC,PB
RIC,PBA
RIC,PBBI
RIC,PBCT
RIC,PBD
RIC,PBDM
RIC,PBE
RIC,PBEE
RIC,PBF
RIC,PBFX
RIC,PBH
RIC,PBHC
RIC,PBI
RIC,PBIP
RIC,PBJ
RIC,PBND
RIC,PBP
RIC,PBPB
RIC,PBR
RIC,PBR.A
RIC,PBS
RIC,PBSM
RIC,PBT
RIC,PBTP
RIC,PBUS
RIC,PBW
RIC,PBYI
RIC,PCAR
RIC,PCB
RIC,PCEF
RIC,PCF
RIC,PCG
RIC,PCH
RIC,PCI
RIC,PCK
RIC,PCM
RIC,PCMI
RIC,PCN
RIC,PCOM
RIC,PCQ
RIC,PCRX
RIC,PCSB
RIC,PCTI
RIC,PCTY
RIC,PCY
RIC,PCYG
RIC,PCYO
RIC,PDBC
RIC,PDCE
RIC,PDCO
RIC,PDD
RIC,PDEX
RIC,PDFS
RIC,PDI
RIC,PDLB
RIC,PDLI
RIC,PDM
RIC,PDN
RIC,PDP
RIC,PDS
RIC,PDT
RIC,PDVW
RIC,PE
RIC,PEB
RIC,PEBK
RIC,PEBO
RIC,PED
RIC,PEG
RIC,PEGA
RIC,PEGI
RIC,PEI
RIC,PEIX
RIC,PEJ
RIC,PEK
RIC,PEN
RIC,PENN
RIC,PEO
RIC,PEP
RIC,PER
RIC,PERI
RIC,PES
RIC,PESI
RIC,PETQ
RIC,PETS
RIC,PETX
RIC,PETZ
RIC,PEX
RIC,PEXL
RIC,PEY
RIC,PEZ
RIC,PFBC
RIC,PFBI
RIC,PFD
RIC,PFE
RIC,PFF
RIC,PFFA
RIC,PFFD
RIC,PFFL
RIC,PFFR
RIC,PFG
RIC,PFGC
RIC,PFI
RIC,PFIE
RIC,PFIG
RIC,PFIN
RIC,PFIS
RIC,PFL
RIC,PFLT
RIC,PFM
RIC,PFMT
RIC,PFN
RIC,PFNX
RIC,PFO
RIC,PFPT
RIC,PFS
RIC,PFSI
RIC,PFSW
RIC,PFXF
RIC,PG
RIC,PGAL
RIC,PGC
RIC,PGF
RIC,PGHY
RIC,PGJ
RIC,PGLC
RIC,PGM
RIC,PGNX
RIC,PGP
RIC,PGR
RIC,PGRE
RIC,PGTI
RIC,PGX
RIC,PGZ
RIC,PH
RIC,PHAS
RIC,PHB
RIC,PHCF
RIC,PHD
RIC,PHDG
RIC,PHG
RIC,PHI
RIC,PHII
RIC,PHIIK
RIC,PHIO
RIC,PHK
RIC,PHM
RIC,PHO
RIC,PHT
RIC,PHUN
RIC,PHX
RIC,PHYL
RIC,PHYS
RIC,PI
RIC,PICB
RIC,PICK
RIC,PICO
RIC,PID
RIC,PIE
RIC,PIH
RIC,PII
RIC,PILL
RIC,PIM
RIC,PIN
RIC,PINC
RIC,PIO
RIC,PIR
RIC,PIRS
RIC,PIXY
RIC,PIZ
RIC,PJC
RIC,PJP
RIC,PJT
RIC,PJUL
RIC,PK
RIC,PKB
RIC,PKBK
RIC,PKE
RIC,PKG
RIC,PKI
RIC,PKO
RIC,PKOH
RIC,PKW
RIC,PKX
RIC,PLAB
RIC,PLAG
RIC,PLAN
RIC,PLAY
RIC,PLBC
RIC,PLCE
RIC,PLCY
RIC,PLD
RIC,PLG
RIC,PLL
RIC,PLM
RIC,PLND
RIC,PLNT
RIC,PLOW
RIC,PLPC
RIC,PLSE
RIC,PLT
RIC,PLTM
RIC,PLUG
RIC,PLUS
RIC,PLW
RIC,PLX
RIC,PLXP
RIC,PLXS
RIC,PLYA
RIC,PLYM
RIC,PM
RIC,PMBC
RIC,PMD
RIC,PME
RIC,PMF
RIC,PML
RIC,PMM
RIC,PMO
RIC,PMOM
RIC,PMR
RIC,PMT
RIC,PMTS
RIC,PMX
RIC,PNBK
RIC,PNC
RIC,PNF
RIC,PNFP
RIC,PNI
RIC,PNM
RIC,PNNT
RIC,PNQI
RIC,PNR
RIC,PNRG
RIC,PNRL
RIC,PNTR
RIC,PNW
RIC,POCT
RIC,PODD
RIC,POL
RIC,POLA
RIC,POOL
RIC,POPE
RIC,POR
RIC,POST
RIC,POWI
RIC,POWL
RIC,PPA
RIC,PPBI
RIC,PPC
RIC,PPDF
RIC,PPDM
RIC,PPEM
RIC,PPG
RIC,PPH
RIC,PPIH
RIC,PPL
RIC,PPLC
RIC,PPLN
RIC,PPLT
RIC,PPMC
RIC,PPR
RIC,PPSC
RIC,PPSI
RIC,PPT
RIC,PPTY
RIC,PQG
RIC,PQIN
RIC,PQLC
RIC,PQSG
RIC,PQSV
RIC,PRA
RIC,PRAA
RIC,PRAH
RIC,PRAN
RIC,PRB
RIC,PRCP
RIC,PREF
RIC,PRF
RIC,PRFT
RIC,PRFZ
RIC,PRGO
RIC,PRGS
RIC,PRGX
RIC,PRI
RIC,PRID
RIC,PRIM
RIC,PRK
RIC,PRLB
RIC,PRME
RIC,PRMW
RIC,PRN
RIC,PRNB
RIC,PRNT
RIC,PRO
RIC,PROV
RIC,PRPH
RIC,PRPL
RIC,PRPO
RIC,PRQR
RIC,PRSC
RIC,PRSP
RIC,PRT
RIC,PRTA
RIC,PRTH
RIC,PRTHU
RIC,PRTK
RIC,PRTO
RIC,PRTS
RIC,PRTY
RIC,PRU
RIC,PRVB
RIC,PS
RIC,PSA
RIC,PSAU
RIC,PSB
RIC,PSC
RIC,PSCC
RIC,PSCD
RIC,PSCE
RIC,PSCF
RIC,PSCH
RIC,PSCI
RIC,PSCM
RIC,PSCT
RIC,PSCU
RIC,PSDO
RIC,PSEC
RIC,PSET
RIC,PSF
RIC,PSI
RIC,PSJ
RIC,PSK
RIC,PSL
RIC,PSLV
RIC,PSMB
RIC,PSMC
RIC,PSMG
RIC,PSMM
RIC,PSMT
RIC,PSO
RIC,PSP
RIC,PSQ
RIC,PSR
RIC,PST
RIC,PSTG
RIC,PSTI
RIC,PSX
RIC,PSXP
RIC,PT
RIC,PTC
RIC,PTCT
RIC,PTE
RIC,PTEN
RIC,PTEU
RIC,PTF
RIC,PTGX
RIC,PTH
RIC,PTI
RIC,PTIE
RIC,PTLA
RIC,PTLC
RIC,PTMC
RIC,PTN
RIC,PTNQ
RIC,PTNR
RIC,PTR
RIC,PTSI
RIC,PTVCA
RIC,PTVCB
RIC,PTX
RIC,PTY
RIC,PUB
RIC,PUI
RIC,PUK
RIC,PULM
RIC,PULS
RIC,PUMP
RIC,PUTW
RIC,PUW
RIC,PVAC
RIC,PVAL
RIC,PVBC
RIC,PVG
RIC,PVH
RIC,PVI
RIC,PVL
RIC,PVTL
RIC,PW
RIC,PWB
RIC,PWC
RIC,PWOD
RIC,PWR
RIC,PWS
RIC,PWV
RIC,PWZ
RIC,PXD
RIC,PXE
RIC,PXF
RIC,PXH
RIC,PXI
RIC,PXJ
RIC,PXLG
RIC,PXLV
RIC,PXLW
RIC,PXMG
RIC,PXMV
RIC,PXQ
RIC,PXR
RIC,PXS
RIC,PXSG
RIC,PXSV
RIC,PXUS
RIC,PY
RIC,PYDS
RIC,PYN
RIC,PYPE
RIC,PYPL
RIC,PYX
RIC,PYZ
RIC,PZA
RIC,PZC
RIC,PZD
RIC,PZG
RIC,PZI
RIC,PZN
RIC,PZT
RIC,PZZA
RIC,QABA
RIC,QADA
RIC,QADB
RIC,QAI
RIC,QARP
RIC,QAT
RIC,QBAK
RIC,QCLN
RIC,QCOM
RIC,QCRH
RIC,QD
RIC,QDEF
RIC,QDEL
RIC,QDF
RIC,QDIV
RIC,QDYN
RIC,QED
RIC,QEFA
RIC,QEMM
RIC,QEP
RIC,QES
RIC,QFIN
RIC,QGEN
RIC,QGRO
RIC,QGTA
RIC,QHC
RIC,QID
RIC,QINT
RIC,QIWI
RIC,QLC
RIC,QLD
RIC,QLS
RIC,QLTA
RIC,QLYS
RIC,QMN
RIC,QMOM
RIC,QNST
RIC,QQEW
RIC,QQQ
RIC,QQQE
RIC,QQQX
RIC,QQXT
RIC,QRHC
RIC,QRTEA
RIC,QRTEB
RIC,QRVO
RIC,QSR
RIC,QSY
RIC,QTEC
RIC,QTNA
RIC,QTNT
RIC,QTRH
RIC,QTRX
RIC,QTS
RIC,QTT
RIC,QTUM
RIC,QTWO
RIC,QUAD
RIC,QUAL
RIC,QUIK
RIC,QUMU
RIC,QUOT
RIC,QURE
RIC,QUS
RIC,QVAL
RIC,QVM
RIC,QWLD
RIC,QXGG
RIC,QXTR
RIC,QYLD
RIC,R
RIC,RA
RIC,RAAX
RIC,RACE
RIC,RAD
RIC,RADA
RIC,RAIL
RIC,RALS
RIC,RAMP
RIC,RAND
RIC,RARE
RIC,RARX
RIC,RAVE
RIC,RAVI
RIC,RAVN
RIC,RBA
RIC,RBB
RIC,RBBN
RIC,RBC
RIC,RBCAA
RIC,RBCN
RIC,RBIN
RIC,RBKB
RIC,RBNC
RIC,RBS
RIC,RBUS
RIC,RBZ
RIC,RC
RIC,RCD
RIC,RCG
RIC,RCI
RIC,RCII
RIC,RCKT
RIC,RCKY
RIC,RCL
RIC,RCM
RIC,RCMT
RIC,RCON
RIC,RCS
RIC,RCUS
RIC,RDC
RIC,RDCM
RIC,RDFN
RIC,RDHL
RIC,RDI
RIC,RDIB
RIC,RDIV
RIC,RDN
RIC,RDNT
RIC,RDS.A
RIC,RDS.B
RIC,RDUS
RIC,RDVT
RIC,RDVY
RIC,RDWR
RIC,RDY
RIC,RE
RIC,RECN
RIC,REDU
RIC,REDV
RIC,REED
RIC,REEM
RIC,REET
RIC,REFA
RIC,REFR
RIC,REG
RIC,REGI
RIC,REGL
RIC,REGN
RIC,REI
RIC,REK
RIC,RELL
RIC,RELV
RIC,RELX
RIC,REM
RIC,REML
RIC,REMX
RIC,REN
RIC,RENN
RIC,REPH
RIC,REPL
RIC,RES
RIC,RESI
RIC,RESN
RIC,RETA
RIC,RETL
RIC,RETO
RIC,REV
RIC,REVG
RIC,REW
RIC,REX
RIC,REXR
RIC,REZ
RIC,REZI
RIC,RF
RIC,RFAP
RIC,RFCI
RIC,RFDA
RIC,RFDI
RIC,RFEM
RIC,RFEU
RIC,RFFC
RIC,RFG
RIC,RFI
RIC,RFIL
RIC,RFL
RIC,RFP
RIC,RFUN
RIC,RFV
RIC,RGA
RIC,RGCO
RIC,RGEN
RIC,RGI
RIC,RGLB
RIC,RGLD
RIC,RGLS
RIC,RGNX
RIC,RGR
RIC,RGS
RIC,RGSE
RIC,RGT
RIC,RH
RIC,RHE
RIC,RHI
RIC,RHP
RIC,RHS
RIC,RHT
RIC,RIBT
RIC,RICK
RIC,RIDV
RIC,RIF
RIC,RIG
RIC,RIGL
RIC,RIGS
RIC,RILY
RIC,RINF
RIC,RING
RIC,RIO
RIC,RIOT
RIC,RISE
RIC,RIV
RIC,RIVE
RIC,RJA
RIC,RJF
RIC,RJI
RIC,RJN
RIC,RJZ
RIC,RKDA
RIC,RL
RIC,RLGT
RIC,RLGY
RIC,RLH
RIC,RLI
RIC,RLJ
RIC,RLM
RIC,RLY
RIC,RM
RIC,RMAX
RIC,RMBL
RIC,RMBS
RIC,RMCF
RIC,RMD
RIC,RMED
RIC,RMI
RIC,RMNI
RIC,RMR
RIC,RMT
RIC,RMTI
RIC,RNDB
RIC,RNDM
RIC,RNDV
RIC,RNEM
RIC,RNET
RIC,RNG
RIC,RNGR
RIC,RNLC
RIC,RNMC
RIC,RNN
RIC,RNP
RIC,RNR
RIC,RNSC
RIC,RNST
RIC,RNWK
RIC,ROAD
RIC,ROAM
RIC,ROAN
RIC,ROBO
RIC,ROBT
RIC,ROCK
RIC,RODI
RIC,RODM
RIC,ROG
RIC,ROGS
RIC,ROIC
RIC,ROK
RIC,ROKU
RIC,ROL
RIC,ROLL
RIC,ROM
RIC,ROOF
RIC,ROP
RIC,RORE
RIC,ROSE
RIC,ROSEU
RIC,ROST
RIC,ROUS
RIC,ROX
RIC,ROYT
RIC,RP
RIC,RPAI
RIC,RPD
RIC,RPG
RIC,RPM
RIC,RPT
RIC,RPUT
RIC,RPV
RIC,RQI
RIC,RRC
RIC,RRD
RIC,RRGB
RIC,RRR
RIC,RRTS
RIC,RS
RIC,RSG
RIC,RSP
RIC,RST
RIC,RSX
RIC,RSXJ
RIC,RTEC
RIC,RTH
RIC,RTIX
RIC,RTL
RIC,RTM
RIC,RTN
RIC,RTRX
RIC,RTTR
RIC,RTW
RIC,RUBI
RIC,RUBY
RIC,RUN
RIC,RUSHA
RIC,RUSHB
RIC,RUSL
RIC,RUSS
RIC,RUTH
RIC,RVEN
RIC,RVI
RIC,RVLT
RIC,RVNC
RIC,RVNU
RIC,RVP
RIC,RVRS
RIC,RVSB
RIC,RVT
RIC,RWGE
RIC,RWGE=
RIC,RWJ
RIC,RWK
RIC,RWL
RIC,RWLK
RIC,RWM
RIC,RWO
RIC,RWR
RIC,RWT
RIC,RWW
RIC,RWX
RIC,RXD
RIC,RXI
RIC,RXL
RIC,RXN
RIC,RY
RIC,RYAAY
RIC,RYAM
RIC,RYB
RIC,RYE
RIC,RYF
RIC,RYH
RIC,RYI
RIC,RYJ
RIC,RYN
RIC,RYT
RIC,RYTM
RIC,RYU
RIC,RZG
RIC,RZV
RIC,S
RIC,SA
RIC,SAA
RIC,SABR
RIC,SACH
RIC,SAEX
RIC,SAFE
RIC,SAFM
RIC,SAFT
RIC,SAGE
RIC,SAGG
RIC,SAH
RIC,SAIA
RIC,SAIC
RIC,SAIL
RIC,SAL
RIC,SALM
RIC,SALT
RIC,SAM
RIC,SAMA
RIC,SAMAU
RIC,SAMG
RIC,SAN
RIC,SAND
RIC,SANM
RIC,SANW
RIC,SAP
RIC,SAR
RIC,SASR
RIC,SATS
RIC,SAUC
RIC,SAVE
RIC,SB
RIC,SBAC
RIC,SBB
RIC,SBBP
RIC,SBBX
RIC,SBCF
RIC,SBFG
RIC,SBGI
RIC,SBGL
RIC,SBH
RIC,SBI
RIC,SBIO
RIC,SBLK
RIC,SBM
RIC,SBNY
RIC,SBOT
RIC,SBOW
RIC,SBPH
RIC,SBR
RIC,SBRA
RIC,SBS
RIC,SBSI
RIC,SBT
RIC,SBUX
RIC,SC
RIC,SCAC
RIC,SCACU
RIC,SCAP
RIC,SCC
RIC,SCCO
RIC,SCD
RIC,SCHA
RIC,SCHB
RIC,SCHC
RIC,SCHD
RIC,SCHE
RIC,SCHF
RIC,SCHG
RIC,SCHH
RIC,SCHK
RIC,SCHL
RIC,SCHM
RIC,SCHN
RIC,SCHO
RIC,SCHP
RIC,SCHR
RIC,SCHV
RIC,SCHW
RIC,SCHX
RIC,SCHZ
RIC,SCI
RIC,SCID
RIC,SCIF
RIC,SCIJ
RIC,SCIN
RIC,SCIU
RIC,SCIX
RIC,SCJ
RIC,SCKT
RIC,SCL
RIC,SCM
RIC,SCO
RIC,SCON
RIC,SCOR
RIC,SCPH
RIC,SCS
RIC,SCSC
RIC,SCTO
RIC,SCVL
RIC,SCWX
RIC,SCX
RIC,SCYX
RIC,SCZ
RIC,SD
RIC,SDAG
RIC,SDCI
RIC,SDD
RIC,SDEM
RIC,SDG
RIC,SDGA
RIC,SDI
RIC,SDIV
RIC,SDLP
RIC,SDOG
RIC,SDOW
RIC,SDP
RIC,SDPI
RIC,SDR
RIC,SDRL
RIC,SDS
RIC,SDT
RIC,SDVY
RIC,SDY
RIC,SDYL
RIC,SE
RIC,SEA
RIC,SEAC
RIC,SEAS
RIC,SEB
RIC,SECO
RIC,SECT
RIC,SEDG
RIC,SEE
RIC,SEED
RIC,SEF
RIC,SEIC
RIC,SELB
RIC,SELF
RIC,SEM
RIC,SEMG
RIC,SEND
RIC,SENEA
RIC,SENEB
RIC,SENS
RIC,SERV
RIC,SES
RIC,SESN
RIC,SF
RIC,SFBC
RIC,SFBS
RIC,SFE
RIC,SFET
RIC,SFHY
RIC,SFIG
RIC,SFIX
RIC,SFL
RIC,SFLY
RIC,SFM
RIC,SFNC
RIC,SFS
RIC,SFST
RIC,SFUN
RIC,SG
RIC,SGA
RIC,SGB
RIC,SGBX
RIC,SGC
RIC,SGDJ
RIC,SGDM
RIC,SGEN
RIC,SGG
RIC,SGH
RIC,SGLB
RIC,SGMA
RIC,SGMO
RIC,SGMS
RIC,SGOC
RIC,SGOL
RIC,SGRP
RIC,SGRY
RIC,SGU
RIC,SGYP
RIC,SH
RIC,SHAG
RIC,SHAK
RIC,SHBI
RIC,SHE
RIC,SHEN
RIC,SHG
RIC,SHI
RIC,SHIP
RIC,SHLO
RIC,SHLX
RIC,SHM
RIC,SHO
RIC,SHOO
RIC,SHOP
RIC,SHOS
RIC,SHSP
RIC,SHV
RIC,SHW
RIC,SHY
RIC,SHYD
RIC,SHYG
RIC,SHYL
RIC,SIBN
RIC,SIC
RIC,SID
RIC,SIEB
RIC,SIEN
RIC,SIF
RIC,SIFI
RIC,SIFY
RIC,SIG
RIC,SIGA
RIC,SIGI
RIC,SIJ
RIC,SIL
RIC,SILC
RIC,SILJ
RIC,SILV
RIC,SIM
RIC,SIMO
RIC,SINA
RIC,SINO
RIC,SINT
RIC,SIRI
RIC,SITC
RIC,SITE
RIC,SITO
RIC,SIVB
RIC,SIVR
RIC,SIX
RIC,SIZ
RIC,SIZE
RIC,SJB
RIC,SJI
RIC,SJM
RIC,SJNK
RIC,SJR
RIC,SJT
RIC,SJW
RIC,SKF
RIC,SKIS
RIC,SKM
RIC,SKOR
RIC,SKT
RIC,SKX
RIC,SKY
RIC,SKYS
RIC,SKYW
RIC,SKYY
RIC,SLAB
RIC,SLB
RIC,SLCA
RIC,SLCT
RIC,SLDB
RIC,SLF
RIC,SLG
RIC,SLGL
RIC,SLGN
RIC,SLIM
RIC,SLM
RIC,SLNO
RIC,SLP
RIC,SLQD
RIC,SLRC
RIC,SLS
RIC,SLT
RIC,SLV
RIC,SLVO
RIC,SLVP
RIC,SLX
RIC,SLY
RIC,SLYG
RIC,SLYV
RIC,SM
RIC,SMAR
RIC,SMB
RIC,SMBC
RIC,SMBK
RIC,SMCP
RIC,SMDD
RIC,SMDV
RIC,SMED
RIC,SMEZ
RIC,SMFG
RIC,SMG
RIC,SMH
RIC,SMHB
RIC,SMHD
RIC,SMHI
RIC,SMI
RIC,SMIN
RIC,SMIT
RIC,SMLF
RIC,SMLL
RIC,SMLP
RIC,SMLV
RIC,SMM
RIC,SMMD
RIC,SMMF
RIC,SMMT
RIC,SMMU
RIC,SMMV
RIC,SMN
RIC,SMP
RIC,SMPL
RIC,SMRT
RIC,SMSI
RIC,SMTA
RIC,SMTC
RIC,SMTS
RIC,SMTX
RIC,SN
RIC,SNA
RIC,SNAP
RIC,SNBR
RIC,SNCR
RIC,SND
RIC,SNDE
RIC,SNDR
RIC,SNDX
RIC,SNE
RIC,SNES
RIC,SNFCA
RIC,SNGX
RIC,SNH
RIC,SNHY
RIC,SNLN
RIC,SNMP
RIC,SNN
RIC,SNNA
RIC,SNOA
RIC,SNP
RIC,SNPS
RIC,SNR
RIC,SNSR
RIC,SNSS
RIC,SNV
RIC,SNX
RIC,SNY
RIC,SO
RIC,SOCL
RIC,SOGO
RIC,SOHO
RIC,SOHU
RIC,SOI
RIC,SOIL
RIC,SOL
RIC,SOLO
RIC,SON
RIC,SONA
RIC,SONO
RIC,SOR
RIC,SORL
RIC,SOVB
RIC,SOXL
RIC,SOXS
RIC,SOXX
RIC,SOYB
RIC,SP
RIC,SPA
RIC,SPAB
RIC,SPAQ
RIC,SPAQ=
RIC,SPAR
RIC,SPB
RIC,SPCB
RIC,SPDN
RIC,SPDV
RIC,SPDW
RIC,SPE
RIC,SPEM
RIC,SPEX
RIC,SPFF
RIC,SPG
RIC,SPGI
RIC,SPH
RIC,SPHB
RIC,SPHD
RIC,SPHQ
RIC,SPHS
RIC,SPI
RIC,SPIB
RIC,SPKE
RIC,SPLB
RIC,SPLG
RIC,SPLK
RIC,SPLP
RIC,SPLV
RIC,SPMD
RIC,SPMO
RIC,SPMV
RIC,SPN
RIC,SPNE
RIC,SPNS
RIC,SPOK
RIC,SPOT
RIC,SPPI
RIC,SPPP
RIC,SPR
RIC,SPRO
RIC,SPRT
RIC,SPSB
RIC,SPSC
RIC,SPSM
RIC,SPTL
RIC,SPTM
RIC,SPTN
RIC,SPTS
RIC,SPUU
RIC,SPVM
RIC,SPVU
RIC,SPWH
RIC,SPWR
RIC,SPXB
RIC,SPXC
RIC,SPXE
RIC,SPXL
RIC,SPXN
RIC,SPXS
RIC,SPXT
RIC,SPXU
RIC,SPXV
RIC,SPXX
RIC,SPY
RIC,SPYB
RIC,SPYD
RIC,SPYG
RIC,SPYV
RIC,SPYX
RIC,SQ
RIC,SQBG
RIC,SQLV
RIC,SQM
RIC,SQNS
RIC,SQQQ
RIC,SR
RIC,SRAX
RIC,SRC
RIC,SRCE
RIC,SRCI
RIC,SRCL
RIC,SRDX
RIC,SRE
RIC,SRET
RIC,SREV
RIC,SRF
RIC,SRG
RIC,SRI
RIC,SRLN
RIC,SRLP
RIC,SRNE
RIC,SRPT
RIC,SRRA
RIC,SRRK
RIC,SRS
RIC,SRT
RIC,SRTS
RIC,SRTY
RIC,SRV
RIC,SRVR
RIC,SSB
RIC,SSBI
RIC,SSD
RIC,SSFN
RIC,SSG
RIC,SSI
RIC,SSKN
RIC,SSL
RIC,SSLJ
RIC,SSNC
RIC,SSNT
RIC,SSO
RIC,SSP
RIC,SSRM
RIC,SSTI
RIC,SSTK
RIC,SSW
RIC,SSY
RIC,SSYS
RIC,ST
RIC,STAA
RIC,STAF
RIC,STAG
RIC,STAR
RIC,STAY
RIC,STBA
RIC,STC
RIC,STCN
RIC,STE
RIC,STFC
RIC,STG
RIC,STI
RIC,STIM
RIC,STIP
RIC,STK
RIC,STKL
RIC,STKS
RIC,STL
RIC,STLD
RIC,STM
RIC,STML
RIC,STMP
RIC,STN
RIC,STND
RIC,STNE
RIC,STNG
RIC,STNL
RIC,STNLU
RIC,STON
RIC,STOR
RIC,STOT
RIC,STPP
RIC,STPZ
RIC,STRA
RIC,STRL
RIC,STRM
RIC,STRO
RIC,STRS
RIC,STRT
RIC,STT
RIC,STWD
RIC,STX
RIC,STXB
RIC,STZ
RIC,STZ.B
RIC,SU
RIC,SUB
RIC,SUI
RIC,SUM
RIC,SUMR
RIC,SUN
RIC,SUNS
RIC,SUNW
RIC,SUP
RIC,SUPN
RIC,SUPV
RIC,SURF
RIC,SUSA
RIC,SUSB
RIC,SUSC
RIC,SUZ
RIC,SVA
RIC,SVBI
RIC,SVM
RIC,SVMK
RIC,SVRA
RIC,SVT
RIC,SVVC
RIC,SVXY
RIC,SWAN
RIC,SWCH
RIC,SWI
RIC,SWIR
RIC,SWK
RIC,SWKS
RIC,SWM
RIC,SWN
RIC,SWX
RIC,SWZ
RIC,SXC
RIC,SXCP
RIC,SXE
RIC,SXI
RIC,SXT
RIC,SXTC
RIC,SYBT
RIC,SYBX
RIC,SYE
RIC,SYF
RIC,SYG
RIC,SYK
RIC,SYKE
RIC,SYLD
RIC,SYMC
RIC,SYN
RIC,SYNA
RIC,SYNC
RIC,SYNH
RIC,SYNL
RIC,SYPR
RIC,SYRS
RIC,SYV
RIC,SYX
RIC,SYY
RIC,SZC
RIC,SZK
RIC,SZNE
RIC,SZO
RIC,T
RIC,TA
RIC,TAC
RIC,TACO
RIC,TACT
RIC,TAGS
RIC,TAHO
RIC,TAIL
RIC,TAIT
RIC,TAK
RIC,TAL
RIC,TALO
RIC,TAN
RIC,TANH
RIC,TAO
RIC,TAOP
RIC,TAP
RIC,TAP.A
RIC,TAPR
RIC,TARO
RIC,TAST
RIC,TAT
RIC,TATT
RIC,TAXF
RIC,TAYD
RIC,TBBK
RIC,TBF
RIC,TBI
RIC,TBIO
RIC,TBK
RIC,TBLT
RIC,TBLTU
RIC,TBLU
RIC,TBNK
RIC,TBPH
RIC,TBRG
RIC,TBRGU
RIC,TBT
RIC,TBX
RIC,TC
RIC,TCBI
RIC,TCBK
RIC,TCCO
RIC,TCDA
RIC,TCF
RIC,TCFC
RIC,TCI
RIC,TCMD
RIC,TCO
RIC,TCON
RIC,TCP
RIC,TCPC
RIC,TCRD
RIC,TCS
RIC,TCTL
RIC,TCX
RIC,TD
RIC,TDAC
RIC,TDACU
RIC,TDC
RIC,TDF
RIC,TDG
RIC,TDIV
RIC,TDOC
RIC,TDS
RIC,TDTF
RIC,TDTT
RIC,TDW
RIC,TDY
RIC,TEAM
RIC,TECD
RIC,TECH
RIC,TECK
RIC,TECL
RIC,TECS
RIC,TEDU
RIC,TEF
RIC,TEI
RIC,TEL
RIC,TELL
RIC,TEN
RIC,TENB
RIC,TENX
RIC,TEO
RIC,TER
RIC,TERM
RIC,TERP
RIC,TESS
RIC,TETF
RIC,TEUM
RIC,TEVA
RIC,TEX
RIC,TFI
RIC,TFIV
RIC,TFLO
RIC,TFLT
RIC,TFSL
RIC,TFX
RIC,TG
RIC,TGA
RIC,TGB
RIC,TGC
RIC,TGE
RIC,TGEN
RIC,TGH
RIC,TGI
RIC,TGLS
RIC,TGNA
RIC,TGP
RIC,TGS
RIC,TGT
RIC,TGTX
RIC,THC
RIC,THD
RIC,THFF
RIC,THG
RIC,THM
RIC,THO
RIC,THOR
RIC,THQ
RIC,THR
RIC,THRM
RIC,THS
RIC,THST
RIC,THW
RIC,TI
RIC,TI.A
RIC,TIBR
RIC,TIBRU
RIC,TIER
RIC,TIF
RIC,TIGO
RIC,TIK
RIC,TILE
RIC,TILT
RIC,TIP
RIC,TIPT
RIC,TIPX
RIC,TIPZ
RIC,TIS
RIC,TISA
RIC,TISI
RIC,TITN
RIC,TIVO
RIC,TJX
RIC,TK
RIC,TKAT
RIC,TKC
RIC,TKKS
RIC,TKKSR
RIC,TKKSU
RIC,TKR
RIC,TLC
RIC,TLDH
RIC,TLEH
RIC,TLF
RIC,TLGT
RIC,TLH
RIC,TLI
RIC,TLK
RIC,TLND
RIC,TLP
RIC,TLRA
RIC,TLRD
RIC,TLRY
RIC,TLSA
RIC,TLT
RIC,TLTD
RIC,TLTE
RIC,TLYS
RIC,TM
RIC,TMCX
RIC,TMCXU
RIC,TMDI
RIC,TME
RIC,TMF
RIC,TMFC
RIC,TMHC
RIC,TMK
RIC,TMO
RIC,TMP
RIC,TMQ
RIC,TMSR
RIC,TMST
RIC,TMUS
RIC,TMV
RIC,TNA
RIC,TNAV
RIC,TNC
RIC,TNDM
RIC,TNET
RIC,TNK
RIC,TNP
RIC,TNXP
RIC,TOCA
RIC,TOK
RIC,TOL
RIC,TOLZ
RIC,TOO
RIC,TOPS
RIC,TORC
RIC,TOT
RIC,TOTA
RIC,TOTAR
RIC,TOTAU
RIC,TOTL
RIC,TOUR
RIC,TOWN
RIC,TOWR
RIC,TPB
RIC,TPC
RIC,TPCO
RIC,TPGH
RIC,TPGH=
RIC,TPH
RIC,TPHS
RIC,TPIC
RIC,TPL
RIC,TPNL
RIC,TPOR
RIC,TPR
RIC,TPRE
RIC,TPVG
RIC,TPX
RIC,TPYP
RIC,TPZ
RIC,TQQQ
RIC,TR
RIC,TRC
RIC,TRCB
RIC,TRCH
RIC,TRCO
RIC,TREC
RIC,TREE
RIC,TREX
RIC,TRGP
RIC,TRHC
RIC,TRI
RIC,TRIB
RIC,TRIL
RIC,TRIP
RIC,TRK
RIC,TRMB
RIC,TRMD
RIC,TRMK
RIC,TRMT
RIC,TRN
RIC,TRNO
RIC,TRNS
RIC,TROV
RIC,TROW
RIC,TROX
RIC,TRP
RIC,TRPX
RIC,TRQ
RIC,TRS
RIC,TRST
RIC,TRT
RIC,TRTN
RIC,TRTX
RIC,TRTY
RIC,TRU
RIC,TRUE
RIC,TRUP
RIC,TRV
RIC,TRVG
RIC,TRVN
RIC,TRX
RIC,TRXC
RIC,TS
RIC,TSBK
RIC,TSC
RIC,TSCO
RIC,TSE
RIC,TSEM
RIC,TSG
RIC,TSI
RIC,TSLA
RIC,TSLF
RIC,TSLX
RIC,TSM
RIC,TSN
RIC,TSQ
RIC,TSRI
RIC,TSRO
RIC,TSS
RIC,TST
RIC,TSU
RIC,TTAC
RIC,TTAI
RIC,TTC
RIC,TTD
RIC,TTEC
RIC,TTEK
RIC,TTGT
RIC,TTI
RIC,TTM
RIC,TTMI
RIC,TTNP
RIC,TTOO
RIC,TTP
RIC,TTPH
RIC,TTS
RIC,TTT
RIC,TTTN
RIC,TTWO
RIC,TU
RIC,TUES
RIC,TUP
RIC,TUR
RIC,TURN
RIC,TUSA
RIC,TUSK
RIC,TUZ
RIC,TV
RIC,TVIX
RIC,TVPT
RIC,TVTY
RIC,TWI
RIC,TWIN
RIC,TWLO
RIC,TWLV
RIC,TWLVR
RIC,TWLVU
RIC,TWM
RIC,TWMC
RIC,TWN
RIC,TWNK
RIC,TWO
RIC,TWOU
RIC,TWST
RIC,TWTR
RIC,TX
RIC,TXMD
RIC,TXN
RIC,TXRH
RIC,TXT
RIC,TY
RIC,TYBS
RIC,TYD
RIC,TYG
RIC,TYHT
RIC,TYL
RIC,TYME
RIC,TYNS
RIC,TYO
RIC,TYPE
RIC,TZA
RIC,TZAC
RIC,TZACU
RIC,TZOO
RIC,UA
RIC,UAA
RIC,UAE
RIC,UAG
RIC,UAL
RIC,UAMY
RIC,UAN
RIC,UAUD
RIC,UAVS
RIC,UBA
RIC,UBCP
RIC,UBFO
RIC,UBG
RIC,UBIO
RIC,UBNK
RIC,UBNT
RIC,UBOH
RIC,UBOT
RIC,UBP
RIC,UBR
RIC,UBS
RIC,UBSH
RIC,UBSI
RIC,UBT
RIC,UBX
RIC,UCBI
RIC,UCC
RIC,UCFC
RIC,UCHF
RIC,UCI
RIC,UCIB
RIC,UCO
RIC,UCON
RIC,UCTT
RIC,UDBI
RIC,UDN
RIC,UDOW
RIC,UDR
RIC,UE
RIC,UEC
RIC,UEIC
RIC,UEPS
RIC,UEUR
RIC,UEVM
RIC,UFAB
RIC,UFCS
RIC,UFI
RIC,UFPI
RIC,UFPT
RIC,UFS
RIC,UG
RIC,UGA
RIC,UGAZ
RIC,UGBP
RIC,UGE
RIC,UGI
RIC,UGL
RIC,UGLD
RIC,UGP
RIC,UHAL
RIC,UHS
RIC,UHT
RIC,UIHC
RIC,UIS
RIC,UITB
RIC,UIVM
RIC,UJB
RIC,UJPY
RIC,UJUL
RIC,UL
RIC,ULBI
RIC,ULBR
RIC,ULE
RIC,ULH
RIC,ULST
RIC,ULTA
RIC,ULTI
RIC,ULVM
RIC,UMBF
RIC,UMC
RIC,UMDD
RIC,UMH
RIC,UMPQ
RIC,UMRX
RIC,UN
RIC,UNAM
RIC,UNB
RIC,UNF
RIC,UNFI
RIC,UNG
RIC,UNH
RIC,UNIT
RIC,UNL
RIC,UNM
RIC,UNP
RIC,UNT
RIC,UNTY
RIC,UNVR
RIC,UOCT
RIC,UONE
RIC,UONEK
RIC,UPL
RIC,UPLD
RIC,UPRO
RIC,UPS
RIC,UPV
RIC,UPW
RIC,UPWK
RIC,UQM
RIC,URA
RIC,URBN
RIC,URE
RIC,URG
RIC,URGN
RIC,URI
RIC,UROV
RIC,URR
RIC,URTH
RIC,URTY
RIC,USA
RIC,USAC
RIC,USAI
RIC,USAK
RIC,USAP
RIC,USAS
RIC,USAT
RIC,USAU
RIC,USB
RIC,USCI
RIC,USCR
RIC,USD
RIC,USDP
RIC,USDU
RIC,USEG
RIC,USEQ
RIC,USFD
RIC,USFR
RIC,USG
RIC,USHY
RIC,USIG
RIC,USL
RIC,USLB
RIC,USLM
RIC,USLV
RIC,USM
RIC,USMC
RIC,USMF
RIC,USMV
RIC,USNA
RIC,USO
RIC,USOD
RIC,USOI
RIC,USOU
RIC,USPH
RIC,USRT
RIC,UST
RIC,USTB
RIC,USV
RIC,USVM
RIC,USWS
RIC,USX
RIC,UTES
RIC,UTF
RIC,UTG
RIC,UTHR
RIC,UTI
RIC,UTL
RIC,UTMD
RIC,UTRN
RIC,UTSI
RIC,UTSL
RIC,UTX
RIC,UUP
RIC,UUU
RIC,UUUU
RIC,UVE
RIC,UVSP
RIC,UVV
RIC,UVXY
RIC,UWM
RIC,UWN
RIC,UWT
RIC,UXI
RIC,UXIN
RIC,UYG
RIC,UYM
RIC,V
RIC,VAC
RIC,VALE
RIC,VALQ
RIC,VALU
RIC,VALX
RIC,VAM
RIC,VAMO
RIC,VAPO
RIC,VAR
RIC,VAW
RIC,VB
RIC,VBF
RIC,VBFC
RIC,VBIV
RIC,VBK
RIC,VBLT
RIC,VBND
RIC,VBR
RIC,VBTX
RIC,VC
RIC,VCEL
RIC,VCF
RIC,VCIT
RIC,VCLT
RIC,VCNX
RIC,VCR
RIC,VCRA
RIC,VCSH
RIC,VCTR
RIC,VCV
RIC,VCYT
RIC,VDC
RIC,VDE
RIC,VEA
RIC,VEAC
RIC,VEACU
RIC,VEC
RIC,VECO
RIC,VEDL
RIC,VEEV
RIC,VEGA
RIC,VEGI
RIC,VEON
RIC,VER
RIC,VERI
RIC,VERU
RIC,VET
RIC,VETS
RIC,VEU
RIC,VFC
RIC,VFH
RIC,VFL
RIC,VFLQ
RIC,VFMF
RIC,VFMO
RIC,VFMV
RIC,VFQY
RIC,VFVA
RIC,VG
RIC,VGFO
RIC,VGI
RIC,VGIT
RIC,VGK
RIC,VGLT
RIC,VGM
RIC,VGR
RIC,VGSH
RIC,VGT
RIC,VGZ
RIC,VHC
RIC,VHI
RIC,VHT
RIC,VIA
RIC,VIAB
RIC,VIAV
RIC,VICI
RIC,VICL
RIC,VICR
RIC,VIDI
RIC,VIG
RIC,VIGI
RIC,VIIX
RIC,VIOG
RIC,VIOO
RIC,VIOT
RIC,VIOV
RIC,VIPS
RIC,VIRC
RIC,VIRT
RIC,VIS
RIC,VISI
RIC,VIV
RIC,VIVE
RIC,VIVO
RIC,VIXM
RIC,VIXY
RIC,VJET
RIC,VKI
RIC,VKQ
RIC,VKTX
RIC,VLGEA
RIC,VLO
RIC,VLRS
RIC,VLRX
RIC,VLT
RIC,VLU
RIC,VLUE
RIC,VLY
RIC,VMBS
RIC,VMC
RIC,VMI
RIC,VMM
RIC,VMO
RIC,VMOT
RIC,VMW
RIC,VNCE
RIC,VNDA
RIC,VNE
RIC,VNET
RIC,VNLA
RIC,VNM
RIC,VNO
RIC,VNOM
RIC,VNQ
RIC,VNQI
RIC,VNRX
RIC,VNTR
RIC,VO
RIC,VOC
RIC,VOD
RIC,VOE
RIC,VONE
RIC,VONG
RIC,VONV
RIC,VOO
RIC,VOOG
RIC,VOOV
RIC,VOT
RIC,VOX
RIC,VOXX
RIC,VOYA
RIC,VPG
RIC,VPL
RIC,VPU
RIC,VPV
RIC,VQT
RIC,VRA
RIC,VRAY
RIC,VRCA
RIC,VREX
RIC,VRIG
RIC,VRML
RIC,VRNA
RIC,VRNS
RIC,VRNT
RIC,VRP
RIC,VRRM
RIC,VRS
RIC,VRSK
RIC,VRSN
RIC,VRTS
RIC,VRTU
RIC,VRTV
RIC,VRTX
RIC,VSAT
RIC,VSDA
RIC,VSEC
RIC,VSGX
RIC,VSH
RIC,VSI
RIC,VSL
RIC,VSLR
RIC,VSM
RIC,VSMV
RIC,VSS
RIC,VST
RIC,VSTM
RIC,VSTO
RIC,VT
RIC,VTA
RIC,VTC
RIC,VTEB
RIC,VTGN
RIC,VTHR
RIC,VTI
RIC,VTIP
RIC,VTIQ
RIC,VTIQU
RIC,VTL
RIC,VTN
RIC,VTNR
RIC,VTR
RIC,VTSI
RIC,VTV
RIC,VTVT
RIC,VTWG
RIC,VTWO
RIC,VTWV
RIC,VUG
RIC,VUSE
RIC,VUZI
RIC,VV
RIC,VVC
RIC,VVI
RIC,VVPR
RIC,VVR
RIC,VVUS
RIC,VVV
RIC,VWO
RIC,VWOB
RIC,VXF
RIC,VXRT
RIC,VXUS
RIC,VXX
RIC,VXXB
RIC,VXZ
RIC,VXZB
RIC,VYGR
RIC,VYM
RIC,VYMI
RIC,VZ
RIC,W
RIC,WAAS
RIC,WAB
RIC,WABC
RIC,WAFD
RIC,WAGE
RIC,WAIR
RIC,WAL
RIC,WANT
RIC,WASH
RIC,WAT
RIC,WATT
RIC,WB
RIC,WBA
RIC,WBAI
RIC,WBAL
RIC,WBC
RIC,WBIA
RIC,WBIB
RIC,WBIC
RIC,WBID
RIC,WBIE
RIC,WBIF
RIC,WBIG
RIC,WBIH
RIC,WBII
RIC,WBIL
RIC,WBIR
RIC,WBIY
RIC,WBK
RIC,WBND
RIC,WBS
RIC,WBT
RIC,WCC
RIC,WCFB
RIC,WCG
RIC,WCHN
RIC,WCN
RIC,WD
RIC,WDAY
RIC,WDC
RIC,WDFC
RIC,WDIV
RIC,WDR
RIC,WDRW
RIC,WEA
RIC,WEAT
RIC,WEBK
RIC,WEC
RIC,WEI
RIC,WELL
RIC,WEN
RIC,WERN
RIC,WES
RIC,WETF
RIC,WEX
RIC,WEYS
RIC,WF#
RIC,WFC
RIC,WFHY
RIC,WFIG
RIC,WFT
RIC,WGO
RIC,WGP
RIC,WH
RIC,WHD
RIC,WHF
RIC,WHG
RIC,WHLM
RIC,WHLR
RIC,WHR
RIC,WIA
RIC,WIFI
RIC,WIL
RIC,WILC
RIC,WIN
RIC,WINA
RIC,WING
RIC,WINR
RIC,WINS
RIC,WIP
RIC,WIRE
RIC,WISA
RIC,WIT
RIC,WIW
RIC,WIX
RIC,WK
RIC,WKHS
RIC,WLDN
RIC,WLDR
RIC,WLFC
RIC,WLH
RIC,WLK
RIC,WLKP
RIC,WLL
RIC,WLTW
RIC,WM
RIC,WMB
RIC,WMC
RIC,WMCR
RIC,WMGI
RIC,WMGIZ
RIC,WMK
RIC,WMS
RIC,WMT
RIC,WMW
RIC,WNC
RIC,WNEB
RIC,WNS
RIC,WOMN
RIC,WOOD
RIC,WOR
RIC,WOW
RIC,WP
RIC,WPC
RIC,WPG
RIC,WPM
RIC,WPP
RIC,WPRT
RIC,WPS
RIC,WPX
RIC,WRB
RIC,WRD
RIC,WRE
RIC,WREI
RIC,WRI
RIC,WRK
RIC,WRLD
RIC,WRLS
RIC,WRLSR
RIC,WRLSU
RIC,WRN
RIC,WRTC
RIC,WSBC
RIC,WSBF
RIC,WSC
RIC,WSFS
RIC,WSM
RIC,WSO
RIC,WSO.B
RIC,WSR
RIC,WST
RIC,WSTG
RIC,WSTL
RIC,WTBA
RIC,WTER
RIC,WTFC
RIC,WTI
RIC,WTID
RIC,WTIU
RIC,WTM
RIC,WTMF
RIC,WTR
RIC,WTRH
RIC,WTS
RIC,WTT
RIC,WTTR
RIC,WTW
RIC,WU
RIC,WUBA
RIC,WVE
RIC,WVFC
RIC,WVVI
RIC,WWD
RIC,WWE
RIC,WWR
RIC,WWW
RIC,WY
RIC,WYDE
RIC,WYND
RIC,WYNN
RIC,WYY
RIC,X
RIC,XAN
RIC,XAR
RIC,XBI
RIC,XBIO
RIC,XBIT
RIC,XCEM
RIC,XDIV
RIC,XEC
RIC,XEL
RIC,XELA
RIC,XELB
RIC,XENE
RIC,XENT
RIC,XERS
RIC,XES
RIC,XFLT
RIC,XGTI
RIC,XHB
RIC,XHE
RIC,XHR
RIC,XHS
RIC,XIN
RIC,XINA
RIC,XITK
RIC,XKCP
RIC,XKFF
RIC,XKFS
RIC,XKII
RIC,XKST
RIC,XLB
RIC,XLC
RIC,XLE
RIC,XLEY
RIC,XLF
RIC,XLG
RIC,XLI
RIC,XLK
RIC,XLNX
RIC,XLP
RIC,XLRE
RIC,XLRN
RIC,XLSY
RIC,XLTY
RIC,XLU
RIC,XLUY
RIC,XLV
RIC,XLY
RIC,XME
RIC,XMLV
RIC,XMPT
RIC,XMX
RIC,XNCR
RIC,XNET
RIC,XNTK
RIC,XOG
RIC,XOM
RIC,XOMA
RIC,XON
RIC,XONE
RIC,XOP
RIC,XPER
RIC,XPH
RIC,XPL
RIC,XPO
RIC,XPP
RIC,XRAY
RIC,XRF
RIC,XRLV
RIC,XRT
RIC,XRX
RIC,XSD
RIC,XSHD
RIC,XSHQ
RIC,XSLV
RIC,XSOE
RIC,XSPA
RIC,XSW
RIC,XT
RIC,XTH
RIC,XTL
RIC,XTLB
RIC,XTN
RIC,XTNT
RIC,XUSA
RIC,XVZ
RIC,XWEB
RIC,XXII
RIC,XYF
RIC,XYL
RIC,Y
RIC,YANG
RIC,YAO
RIC,YCL
RIC,YCS
RIC,YELP
RIC,YETI
RIC,YEXT
RIC,YGYI
RIC,YI
RIC,YIN
RIC,YINN
RIC,YLCO
RIC,YLD
RIC,YLDE
RIC,YMAB
RIC,YMLI
RIC,YMLP
RIC,YNDX
RIC,YOGA
RIC,YORW
RIC,YPF
RIC,YRCW
RIC,YRD
RIC,YRIV
RIC,YTEN
RIC,YTRA
RIC,YUM
RIC,YUMA
RIC,YUMC
RIC,YVR
RIC,YXI
RIC,YY
RIC,YYY
RIC,Z
RIC,ZAGG
RIC,ZAYO
RIC,ZBH
RIC,ZBIO
RIC,ZBRA
RIC,ZCAN
RIC,ZDEU
RIC,ZDGE
RIC,ZEAL
RIC,ZEN
RIC,ZEUS
RIC,ZF
RIC,ZFGN
RIC,ZG
RIC,ZGBR
RIC,ZGNX
RIC,ZHOK
RIC,ZION
RIC,ZIOP
RIC,ZIV
RIC,ZIXI
RIC,ZJPN
RIC,ZKIN
RIC,ZLAB
RIC,ZMLP
RIC,ZN
RIC,ZNGA
RIC,ZNH
RIC,ZOM
RIC,ZROZ
RIC,ZS
RIC,ZSAN
RIC,ZSL
RIC,ZTO
RIC,ZTR
RIC,ZTS
RIC,ZUMZ
RIC,ZUO
RIC,ZYME
RIC,ZYNE